config_name,n_samples,d_dim,dgp_num,reject_rate_shapiro,reject_rate_ad,reject_rate_both
0_基准,100,10,2,0.0,0.0,0.0
inter_0.25,100,10,2,0.0,0.0,0.0
inter_0.5,100,10,2,0.0,0.0,0.0
inter_1.0,100,10,2,0.0,0.0,0.0
hete_0.15,100,10,2,0.0,0.0,0.0
hete_0.3,100,10,2,0.0,0.0,0.0
hete_0.5,100,10,2,0.0,0.0,0.0
noise_0.5,100,10,2,0.0,0.0,0.0
noise_1.0,100,10,2,0.0,0.0,0.0
noise_2.0,100,10,2,0.0,0.0,0.0
rho_0.3,100,10,2,0.0,0.0,0.0
rho_0.5,100,10,2,0.0,0.0,0.0
rho_0.7,100,10,2,0.0,0.0,0.0
s1_0.5,100,10,2,0.0,0.0,0.0
s1_1.0,100,10,2,0.0,0.0,0.0
s1_2.0,100,10,2,0.0,0.0,0.0
0_基准,100,10,3,0.0,0.0,0.0
inter_0.25,100,10,3,0.0,0.0,0.0
inter_0.5,100,10,3,0.0,0.0,0.0
inter_1.0,100,10,3,0.0,0.0,0.0
hete_0.15,100,10,3,0.0,0.0,0.0
hete_0.3,100,10,3,0.0,0.0,0.0
hete_0.5,100,10,3,0.0,0.0,0.0
noise_0.5,100,10,3,0.0,0.0,0.0
noise_1.0,100,10,3,0.0,0.0,0.0
noise_2.0,100,10,3,0.0,0.0,0.0
rho_0.3,100,10,3,0.0,0.0,0.0
rho_0.5,100,10,3,0.0,0.0,0.0
rho_0.7,100,10,3,0.0,0.0,0.0
s1_0.5,100,10,3,0.0,0.0,0.0
s1_1.0,100,10,3,0.0,0.0,0.0
s1_2.0,100,10,3,0.0,0.0,0.0
0_基准,100,20,2,0.0,0.0,0.0
inter_0.25,100,20,2,0.0,0.0,0.0
inter_0.5,100,20,2,0.0,0.0,0.0
inter_1.0,100,20,2,0.0,0.0,0.0
hete_0.15,100,20,2,0.0,0.0,0.0
hete_0.3,100,20,2,0.0,0.0,0.0
hete_0.5,100,20,2,0.0,0.0,0.0
noise_0.5,100,20,2,0.0,0.0,0.0
noise_1.0,100,20,2,0.0,0.0,0.0
noise_2.0,100,20,2,0.0,0.0,0.0
rho_0.3,100,20,2,0.0,0.0,0.0
rho_0.5,100,20,2,0.0,0.0,0.0
rho_0.7,100,20,2,0.0,0.0,0.0
s1_0.5,100,20,2,0.0,0.0,0.0
s1_1.0,100,20,2,0.0,0.0,0.0
s1_2.0,100,20,2,0.0,0.0,0.0
0_基准,100,20,3,0.0,0.0,0.0
inter_0.25,100,20,3,0.0,0.0,0.0
inter_0.5,100,20,3,0.0,0.0,0.0
inter_1.0,100,20,3,0.0,0.0,0.0
hete_0.15,100,20,3,0.0,0.0,0.0
hete_0.3,100,20,3,0.0,0.0,0.0
hete_0.5,100,20,3,0.0,0.0,0.0
noise_0.5,100,20,3,0.0,0.0,0.0
noise_1.0,100,20,3,0.0,0.0,0.0
noise_2.0,100,20,3,0.0,0.0,0.0
rho_0.3,100,20,3,0.0,0.0,0.0
rho_0.5,100,20,3,0.0,0.0,0.0
rho_0.7,100,20,3,0.0,0.0,0.0
s1_0.5,100,20,3,0.0,0.0,0.0
s1_1.0,100,20,3,0.0,0.0,0.0
s1_2.0,100,20,3,0.0,0.0,0.0
0_基准,100,30,2,0.0,0.0,0.0
inter_0.25,100,30,2,0.0,0.0,0.0
inter_0.5,100,30,2,0.0,0.0,0.0
inter_1.0,100,30,2,0.0,0.0,0.0
hete_0.15,100,30,2,0.0,0.0,0.0
hete_0.3,100,30,2,0.0,0.0,0.0
hete_0.5,100,30,2,0.0,0.0,0.0
noise_0.5,100,30,2,0.0,0.0,0.0
noise_1.0,100,30,2,0.0,0.0,0.0
noise_2.0,100,30,2,0.0,0.0,0.0
rho_0.3,100,30,2,0.0,0.0,0.0
rho_0.5,100,30,2,0.0,0.0,0.0
rho_0.7,100,30,2,0.0,0.0,0.0
s1_0.5,100,30,2,0.0,0.0,0.0
s1_1.0,100,30,2,0.0,0.0,0.0
s1_2.0,100,30,2,0.0,0.0,0.0
0_基准,100,30,3,0.0,0.0,0.0
inter_0.25,100,30,3,0.0,0.0,0.0
inter_0.5,100,30,3,0.0,0.0,0.0
inter_1.0,100,30,3,0.0,0.0,0.0
hete_0.15,100,30,3,0.0,0.0,0.0
hete_0.3,100,30,3,0.0,0.0,0.0
hete_0.5,100,30,3,0.0,0.0,0.0
noise_0.5,100,30,3,0.0,0.0,0.0
noise_1.0,100,30,3,0.0,0.0,0.0
noise_2.0,100,30,3,0.0,0.0,0.0
rho_0.3,100,30,3,0.0,0.0,0.0
rho_0.5,100,30,3,0.0,0.0,0.0
rho_0.7,100,30,3,0.0,0.0,0.0
s1_0.5,100,30,3,0.0,0.0,0.0
s1_1.0,100,30,3,0.0,0.0,0.0
s1_2.0,100,30,3,0.0,0.0,0.0
0_基准,200,10,2,0.0,0.0,0.0
inter_0.25,200,10,2,0.0,0.0,0.0
inter_0.5,200,10,2,0.0,0.0,0.0
inter_1.0,200,10,2,0.0,0.0,0.0
hete_0.15,200,10,2,0.0,0.0,0.0
hete_0.3,200,10,2,0.0,0.0,0.0
hete_0.5,200,10,2,0.0,0.0,0.0
noise_0.5,200,10,2,0.0,0.0,0.0
noise_1.0,200,10,2,0.0,0.0,0.0
noise_2.0,200,10,2,0.0,0.0,0.0
rho_0.3,200,10,2,0.0,1.0,0.0
rho_0.5,200,10,2,0.0,0.0,0.0
rho_0.7,200,10,2,0.0,0.0,0.0
s1_0.5,200,10,2,0.0,0.0,0.0
s1_1.0,200,10,2,0.0,0.0,0.0
s1_2.0,200,10,2,0.0,0.0,0.0
0_基准,200,10,3,1.0,1.0,1.0
inter_0.25,200,10,3,1.0,1.0,1.0
inter_0.5,200,10,3,1.0,1.0,1.0
inter_1.0,200,10,3,1.0,1.0,1.0
hete_0.15,200,10,3,1.0,1.0,1.0
hete_0.3,200,10,3,1.0,1.0,1.0
hete_0.5,200,10,3,1.0,1.0,1.0
noise_0.5,200,10,3,1.0,1.0,1.0
noise_1.0,200,10,3,1.0,1.0,1.0
noise_2.0,200,10,3,1.0,1.0,1.0
rho_0.3,200,10,3,1.0,1.0,1.0
rho_0.5,200,10,3,1.0,1.0,1.0
rho_0.7,200,10,3,1.0,1.0,1.0
s1_0.5,200,10,3,0.0,1.0,0.0
s1_1.0,200,10,3,0.0,1.0,0.0
s1_2.0,200,10,3,0.0,1.0,0.0
0_基准,200,20,2,0.0,0.0,0.0
inter_0.25,200,20,2,0.0,0.0,0.0
inter_0.5,200,20,2,0.0,0.0,0.0
inter_1.0,200,20,2,0.0,0.0,0.0
hete_0.15,200,20,2,0.0,0.0,0.0
hete_0.3,200,20,2,0.0,0.0,0.0
hete_0.5,200,20,2,0.0,0.0,0.0
noise_0.5,200,20,2,0.0,0.0,0.0
noise_1.0,200,20,2,0.0,0.0,0.0
noise_2.0,200,20,2,0.0,0.0,0.0
rho_0.3,200,20,2,0.0,0.0,0.0
rho_0.5,200,20,2,0.0,0.0,0.0
rho_0.7,200,20,2,0.0,0.0,0.0
s1_0.5,200,20,2,0.0,0.0,0.0
s1_1.0,200,20,2,0.0,0.0,0.0
s1_2.0,200,20,2,0.0,0.0,0.0
0_基准,200,20,3,0.0,0.0,0.0
inter_0.25,200,20,3,0.0,0.0,0.0
inter_0.5,200,20,3,0.0,0.0,0.0
inter_1.0,200,20,3,0.0,0.0,0.0
hete_0.15,200,20,3,0.0,0.0,0.0
hete_0.3,200,20,3,0.0,0.0,0.0
hete_0.5,200,20,3,0.0,0.0,0.0
noise_0.5,200,20,3,0.0,0.0,0.0
noise_1.0,200,20,3,0.0,0.0,0.0
noise_2.0,200,20,3,0.0,0.0,0.0
rho_0.3,200,20,3,0.0,0.0,0.0
rho_0.5,200,20,3,0.0,0.0,0.0
rho_0.7,200,20,3,0.0,0.0,0.0
s1_0.5,200,20,3,0.0,0.0,0.0
s1_1.0,200,20,3,0.0,0.0,0.0
s1_2.0,200,20,3,0.0,0.0,0.0
0_基准,200,30,2,0.0,0.0,0.0
inter_0.25,200,30,2,0.0,1.0,0.0
inter_0.5,200,30,2,1.0,1.0,1.0
inter_1.0,200,30,2,1.0,1.0,1.0
hete_0.15,200,30,2,0.0,0.0,0.0
hete_0.3,200,30,2,0.0,0.0,0.0
hete_0.5,200,30,2,0.0,1.0,0.0
noise_0.5,200,30,2,0.0,0.0,0.0
noise_1.0,200,30,2,0.0,0.0,0.0
noise_2.0,200,30,2,0.0,0.0,0.0
rho_0.3,200,30,2,0.0,0.0,0.0
rho_0.5,200,30,2,0.0,0.0,0.0
rho_0.7,200,30,2,0.0,0.0,0.0
s1_0.5,200,30,2,0.0,0.0,0.0
s1_1.0,200,30,2,0.0,0.0,0.0
s1_2.0,200,30,2,0.0,0.0,0.0
0_基准,200,30,3,0.0,0.0,0.0
inter_0.25,200,30,3,0.0,0.0,0.0
inter_0.5,200,30,3,0.0,0.0,0.0
inter_1.0,200,30,3,0.0,0.0,0.0
hete_0.15,200,30,3,0.0,0.0,0.0
hete_0.3,200,30,3,0.0,0.0,0.0
hete_0.5,200,30,3,0.0,0.0,0.0
noise_0.5,200,30,3,0.0,0.0,0.0
noise_1.0,200,30,3,0.0,0.0,0.0
noise_2.0,200,30,3,0.0,0.0,0.0
rho_0.3,200,30,3,0.0,0.0,0.0
rho_0.5,200,30,3,0.0,0.0,0.0
rho_0.7,200,30,3,0.0,0.0,0.0
s1_0.5,200,30,3,0.0,0.0,0.0
s1_1.0,200,30,3,0.0,0.0,0.0
s1_2.0,200,30,3,0.0,0.0,0.0
0_基准,400,10,2,0.0,0.0,0.0
inter_0.25,400,10,2,0.0,0.0,0.0
inter_0.5,400,10,2,0.0,0.0,0.0
inter_1.0,400,10,2,0.0,1.0,0.0
hete_0.15,400,10,2,0.0,0.0,0.0
hete_0.3,400,10,2,0.0,0.0,0.0
hete_0.5,400,10,2,0.0,0.0,0.0
noise_0.5,400,10,2,0.0,0.0,0.0
noise_1.0,400,10,2,0.0,0.0,0.0
noise_2.0,400,10,2,0.0,0.0,0.0
rho_0.3,400,10,2,0.0,0.0,0.0
rho_0.5,400,10,2,0.0,0.0,0.0
rho_0.7,400,10,2,0.0,0.0,0.0
s1_0.5,400,10,2,0.0,0.0,0.0
s1_1.0,400,10,2,0.0,0.0,0.0
s1_2.0,400,10,2,0.0,0.0,0.0
0_基准,400,10,3,0.0,0.0,0.0
inter_0.25,400,10,3,0.0,0.0,0.0
inter_0.5,400,10,3,0.0,0.0,0.0
inter_1.0,400,10,3,0.0,0.0,0.0
hete_0.15,400,10,3,0.0,0.0,0.0
hete_0.3,400,10,3,0.0,0.0,0.0
hete_0.5,400,10,3,0.0,0.0,0.0
noise_0.5,400,10,3,0.0,0.0,0.0
noise_1.0,400,10,3,0.0,0.0,0.0
noise_2.0,400,10,3,0.0,0.0,0.0
rho_0.3,400,10,3,0.0,0.0,0.0
rho_0.5,400,10,3,0.0,0.0,0.0
rho_0.7,400,10,3,0.0,0.0,0.0
s1_0.5,400,10,3,0.0,0.0,0.0
s1_1.0,400,10,3,0.0,0.0,0.0
s1_2.0,400,10,3,0.0,0.0,0.0
0_基准,400,20,2,0.0,0.0,0.0
inter_0.25,400,20,2,0.0,0.0,0.0
inter_0.5,400,20,2,0.0,0.0,0.0
inter_1.0,400,20,2,0.0,0.0,0.0
hete_0.15,400,20,2,0.0,0.0,0.0
hete_0.3,400,20,2,0.0,0.0,0.0
hete_0.5,400,20,2,0.0,0.0,0.0
noise_0.5,400,20,2,0.0,0.0,0.0
noise_1.0,400,20,2,0.0,0.0,0.0
noise_2.0,400,20,2,0.0,0.0,0.0
rho_0.3,400,20,2,0.0,0.0,0.0
rho_0.5,400,20,2,0.0,0.0,0.0
rho_0.7,400,20,2,0.0,0.0,0.0
s1_0.5,400,20,2,0.0,0.0,0.0
s1_1.0,400,20,2,0.0,0.0,0.0
s1_2.0,400,20,2,0.0,0.0,0.0
0_基准,400,20,3,0.0,0.0,0.0
inter_0.25,400,20,3,0.0,0.0,0.0
inter_0.5,400,20,3,0.0,0.0,0.0
inter_1.0,400,20,3,0.0,0.0,0.0
hete_0.15,400,20,3,0.0,0.0,0.0
hete_0.3,400,20,3,0.0,0.0,0.0
hete_0.5,400,20,3,0.0,0.0,0.0
noise_0.5,400,20,3,0.0,0.0,0.0
noise_1.0,400,20,3,0.0,0.0,0.0
noise_2.0,400,20,3,0.0,0.0,0.0
rho_0.3,400,20,3,0.0,0.0,0.0
rho_0.5,400,20,3,0.0,0.0,0.0
rho_0.7,400,20,3,0.0,0.0,0.0
s1_0.5,400,20,3,0.0,0.0,0.0
s1_1.0,400,20,3,0.0,0.0,0.0
s1_2.0,400,20,3,0.0,0.0,0.0
0_基准,400,30,2,1.0,0.0,0.0
inter_0.25,400,30,2,0.0,0.0,0.0
inter_0.5,400,30,2,0.0,0.0,0.0
inter_1.0,400,30,2,0.0,0.0,0.0
hete_0.15,400,30,2,0.0,0.0,0.0
hete_0.3,400,30,2,0.0,0.0,0.0
hete_0.5,400,30,2,0.0,0.0,0.0
noise_0.5,400,30,2,1.0,1.0,1.0
noise_1.0,400,30,2,1.0,0.0,0.0
noise_2.0,400,30,2,0.0,0.0,0.0
rho_0.3,400,30,2,0.0,0.0,0.0
rho_0.5,400,30,2,0.0,0.0,0.0
rho_0.7,400,30,2,1.0,0.0,0.0
s1_0.5,400,30,2,0.0,0.0,0.0
s1_1.0,400,30,2,0.0,0.0,0.0
s1_2.0,400,30,2,0.0,0.0,0.0
0_基准,400,30,3,0.0,0.0,0.0
inter_0.25,400,30,3,0.0,0.0,0.0
inter_0.5,400,30,3,0.0,0.0,0.0
inter_1.0,400,30,3,0.0,0.0,0.0
hete_0.15,400,30,3,0.0,0.0,0.0
hete_0.3,400,30,3,0.0,0.0,0.0
hete_0.5,400,30,3,0.0,0.0,0.0
noise_0.5,400,30,3,0.0,0.0,0.0
noise_1.0,400,30,3,0.0,0.0,0.0
noise_2.0,400,30,3,0.0,0.0,0.0
rho_0.3,400,30,3,0.0,0.0,0.0
rho_0.5,400,30,3,0.0,0.0,0.0
rho_0.7,400,30,3,0.0,0.0,0.0
s1_0.5,400,30,3,0.0,0.0,0.0
s1_1.0,400,30,3,0.0,0.0,0.0
s1_2.0,400,30,3,0.0,0.0,0.0
0_基准,50,10,2,0.0,0.0,0.0
inter_0.25,50,10,2,0.0,0.0,0.0
inter_0.5,50,10,2,0.0,0.0,0.0
inter_1.0,50,10,2,0.0,0.0,0.0
hete_0.15,50,10,2,0.0,0.0,0.0
hete_0.3,50,10,2,0.0,0.0,0.0
hete_0.5,50,10,2,0.0,0.0,0.0
noise_0.5,50,10,2,0.0,0.0,0.0
noise_1.0,50,10,2,0.0,0.0,0.0
noise_2.0,50,10,2,0.0,0.0,0.0
rho_0.3,50,10,2,0.0,0.0,0.0
rho_0.5,50,10,2,0.0,0.0,0.0
rho_0.7,50,10,2,0.0,0.0,0.0
s1_0.5,50,10,2,0.0,0.0,0.0
s1_1.0,50,10,2,0.0,0.0,0.0
s1_2.0,50,10,2,0.0,0.0,0.0
0_基准,50,10,3,0.0,0.0,0.0
inter_0.25,50,10,3,0.0,0.0,0.0
inter_0.5,50,10,3,0.0,0.0,0.0
inter_1.0,50,10,3,0.0,0.0,0.0
hete_0.15,50,10,3,0.0,0.0,0.0
hete_0.3,50,10,3,0.0,0.0,0.0
hete_0.5,50,10,3,0.0,0.0,0.0
noise_0.5,50,10,3,0.0,0.0,0.0
noise_1.0,50,10,3,0.0,0.0,0.0
noise_2.0,50,10,3,0.0,0.0,0.0
rho_0.3,50,10,3,0.0,0.0,0.0
rho_0.5,50,10,3,0.0,0.0,0.0
rho_0.7,50,10,3,0.0,0.0,0.0
s1_0.5,50,10,3,0.0,0.0,0.0
s1_1.0,50,10,3,0.0,0.0,0.0
s1_2.0,50,10,3,0.0,0.0,0.0
0_基准,50,20,2,0.0,0.0,0.0
inter_0.25,50,20,2,0.0,0.0,0.0
inter_0.5,50,20,2,0.0,0.0,0.0
inter_1.0,50,20,2,0.0,0.0,0.0
hete_0.15,50,20,2,0.0,0.0,0.0
hete_0.3,50,20,2,0.0,0.0,0.0
hete_0.5,50,20,2,0.0,0.0,0.0
noise_0.5,50,20,2,0.0,0.0,0.0
noise_1.0,50,20,2,0.0,0.0,0.0
noise_2.0,50,20,2,0.0,0.0,0.0
rho_0.3,50,20,2,0.0,0.0,0.0
rho_0.5,50,20,2,0.0,0.0,0.0
rho_0.7,50,20,2,0.0,0.0,0.0
s1_0.5,50,20,2,0.0,0.0,0.0
s1_1.0,50,20,2,0.0,0.0,0.0
s1_2.0,50,20,2,0.0,0.0,0.0
0_基准,50,20,3,0.0,0.0,0.0
inter_0.25,50,20,3,0.0,0.0,0.0
inter_0.5,50,20,3,0.0,0.0,0.0
inter_1.0,50,20,3,0.0,0.0,0.0
hete_0.15,50,20,3,0.0,0.0,0.0
hete_0.3,50,20,3,0.0,0.0,0.0
hete_0.5,50,20,3,0.0,0.0,0.0
noise_0.5,50,20,3,0.0,0.0,0.0
noise_1.0,50,20,3,0.0,0.0,0.0
noise_2.0,50,20,3,0.0,0.0,0.0
rho_0.3,50,20,3,0.0,0.0,0.0
rho_0.5,50,20,3,0.0,0.0,0.0
rho_0.7,50,20,3,0.0,0.0,0.0
s1_0.5,50,20,3,0.0,0.0,0.0
s1_1.0,50,20,3,0.0,0.0,0.0
s1_2.0,50,20,3,0.0,0.0,0.0
0_基准,50,30,2,0.0,0.0,0.0
inter_0.25,50,30,2,0.0,0.0,0.0
inter_0.5,50,30,2,0.0,0.0,0.0
inter_1.0,50,30,2,0.0,0.0,0.0
hete_0.15,50,30,2,0.0,0.0,0.0
hete_0.3,50,30,2,0.0,0.0,0.0
hete_0.5,50,30,2,0.0,0.0,0.0
noise_0.5,50,30,2,0.0,1.0,0.0
noise_1.0,50,30,2,0.0,0.0,0.0
noise_2.0,50,30,2,0.0,0.0,0.0
rho_0.3,50,30,2,0.0,0.0,0.0
rho_0.5,50,30,2,0.0,0.0,0.0
rho_0.7,50,30,2,0.0,0.0,0.0
s1_0.5,50,30,2,0.0,0.0,0.0
s1_1.0,50,30,2,0.0,0.0,0.0
s1_2.0,50,30,2,0.0,0.0,0.0
0_基准,50,30,3,0.0,0.0,0.0
inter_0.25,50,30,3,0.0,0.0,0.0
inter_0.5,50,30,3,0.0,0.0,0.0
inter_1.0,50,30,3,0.0,0.0,0.0
hete_0.15,50,30,3,0.0,0.0,0.0
hete_0.3,50,30,3,0.0,0.0,0.0
hete_0.5,50,30,3,0.0,0.0,0.0
noise_0.5,50,30,3,0.0,0.0,0.0
noise_1.0,50,30,3,0.0,0.0,0.0
noise_2.0,50,30,3,0.0,0.0,0.0
rho_0.3,50,30,3,0.0,0.0,0.0
rho_0.5,50,30,3,0.0,0.0,0.0
rho_0.7,50,30,3,0.0,0.0,0.0
s1_0.5,50,30,3,0.0,0.0,0.0
s1_1.0,50,30,3,0.0,0.0,0.0
s1_2.0,50,30,3,0.0,0.0,0.0
0_基准,800,10,2,0.0,0.0,0.0
inter_0.25,800,10,2,0.0,0.0,0.0
inter_0.5,800,10,2,0.0,0.0,0.0
inter_1.0,800,10,2,0.0,0.0,0.0
hete_0.15,800,10,2,0.0,0.0,0.0
hete_0.3,800,10,2,0.0,0.0,0.0
hete_0.5,800,10,2,0.0,0.0,0.0
noise_0.5,800,10,2,0.0,0.0,0.0
noise_1.0,800,10,2,0.0,0.0,0.0
noise_2.0,800,10,2,0.0,0.0,0.0
rho_0.3,800,10,2,0.0,0.0,0.0
rho_0.5,800,10,2,0.0,0.0,0.0
rho_0.7,800,10,2,0.0,0.0,0.0
s1_0.5,800,10,2,0.0,0.0,0.0
s1_1.0,800,10,2,0.0,0.0,0.0
s1_2.0,800,10,2,0.0,0.0,0.0
0_基准,800,10,3,0.0,0.0,0.0
inter_0.25,800,10,3,0.0,0.0,0.0
inter_0.5,800,10,3,0.0,0.0,0.0
inter_1.0,800,10,3,0.0,0.0,0.0
hete_0.15,800,10,3,0.0,0.0,0.0
hete_0.3,800,10,3,0.0,0.0,0.0
hete_0.5,800,10,3,0.0,0.0,0.0
noise_0.5,800,10,3,0.0,0.0,0.0
noise_1.0,800,10,3,0.0,0.0,0.0
noise_2.0,800,10,3,0.0,0.0,0.0
rho_0.3,800,10,3,0.0,0.0,0.0
rho_0.5,800,10,3,0.0,0.0,0.0
rho_0.7,800,10,3,0.0,0.0,0.0
s1_0.5,800,10,3,0.0,0.0,0.0
s1_1.0,800,10,3,0.0,0.0,0.0
s1_2.0,800,10,3,0.0,0.0,0.0
0_基准,800,20,2,0.0,0.0,0.0
inter_0.25,800,20,2,0.0,0.0,0.0
inter_0.5,800,20,2,0.0,0.0,0.0
inter_1.0,800,20,2,0.0,0.0,0.0
hete_0.15,800,20,2,0.0,0.0,0.0
hete_0.3,800,20,2,0.0,0.0,0.0
hete_0.5,800,20,2,0.0,0.0,0.0
noise_0.5,800,20,2,0.0,0.0,0.0
noise_1.0,800,20,2,0.0,0.0,0.0
noise_2.0,800,20,2,0.0,0.0,0.0
rho_0.3,800,20,2,0.0,0.0,0.0
rho_0.5,800,20,2,0.0,0.0,0.0
rho_0.7,800,20,2,0.0,0.0,0.0
s1_0.5,800,20,2,0.0,0.0,0.0
s1_1.0,800,20,2,0.0,0.0,0.0
s1_2.0,800,20,2,0.0,0.0,0.0
0_基准,800,20,3,0.0,0.0,0.0
inter_0.25,800,20,3,0.0,0.0,0.0
inter_0.5,800,20,3,0.0,0.0,0.0
inter_1.0,800,20,3,0.0,0.0,0.0
hete_0.15,800,20,3,0.0,0.0,0.0
hete_0.3,800,20,3,0.0,0.0,0.0
hete_0.5,800,20,3,0.0,0.0,0.0
noise_0.5,800,20,3,0.0,0.0,0.0
noise_1.0,800,20,3,0.0,0.0,0.0
noise_2.0,800,20,3,0.0,0.0,0.0
rho_0.3,800,20,3,0.0,0.0,0.0
rho_0.5,800,20,3,0.0,0.0,0.0
rho_0.7,800,20,3,0.0,0.0,0.0
s1_0.5,800,20,3,0.0,0.0,0.0
s1_1.0,800,20,3,0.0,0.0,0.0
s1_2.0,800,20,3,0.0,0.0,0.0
0_基准,800,30,2,0.0,0.0,0.0
inter_0.25,800,30,2,0.0,0.0,0.0
inter_0.5,800,30,2,0.0,0.0,0.0
inter_1.0,800,30,2,0.0,0.0,0.0
hete_0.15,800,30,2,0.0,0.0,0.0
hete_0.3,800,30,2,0.0,0.0,0.0
hete_0.5,800,30,2,0.0,0.0,0.0
noise_0.5,800,30,2,0.0,0.0,0.0
noise_1.0,800,30,2,0.0,0.0,0.0
noise_2.0,800,30,2,0.0,0.0,0.0
rho_0.3,800,30,2,0.0,0.0,0.0
rho_0.5,800,30,2,0.0,0.0,0.0
rho_0.7,800,30,2,0.0,0.0,0.0
s1_0.5,800,30,2,0.0,0.0,0.0
s1_1.0,800,30,2,0.0,0.0,0.0
s1_2.0,800,30,2,0.0,0.0,0.0
0_基准,800,30,3,0.0,0.0,0.0
inter_0.25,800,30,3,0.0,0.0,0.0
inter_0.5,800,30,3,0.0,0.0,0.0
inter_1.0,800,30,3,0.0,0.0,0.0
hete_0.15,800,30,3,0.0,0.0,0.0
hete_0.3,800,30,3,0.0,0.0,0.0
hete_0.5,800,30,3,0.0,0.0,0.0
noise_0.5,800,30,3,0.0,0.0,0.0
noise_1.0,800,30,3,0.0,0.0,0.0
noise_2.0,800,30,3,0.0,0.0,0.0
rho_0.3,800,30,3,0.0,0.0,0.0
rho_0.5,800,30,3,0.0,0.0,0.0
rho_0.7,800,30,3,0.0,0.0,0.0
s1_0.5,800,30,3,0.0,0.0,0.0
s1_1.0,800,30,3,0.0,0.0,0.0
s1_2.0,800,30,3,0.0,0.0,0.0
