config_name,d_dim,dgp_num,N_star,bias_at_N,rmse_at_N,var_at_N,cov_at_N,rej_at_N,rej_norm_both_at_N,status,cov_max,n_at_cov_max,rej_min,n_at_rej_min
0_基准,10,2,100,-0.0323731179972613,0.1240967681422373,0.0143519890944836,0.92,0.08,0.0,ok,,,,
inter_0.25,10,2,50,-0.0140769170740672,0.1630506866314,0.0263873668166608,0.93,0.07,0.0,ok,,,,
inter_0.5,10,2,50,-0.0162935923756084,0.1987578287302957,0.039239193329079,0.95,0.05,0.0,ok,,,,
inter_1.0,10,2,50,-0.0142518579619348,0.3073845849254707,0.0942821675944367,0.96,0.04,0.0,ok,,,,
hete_0.15,10,2,50,-0.0122523924661323,0.1631674743700931,0.0264735035711708,0.92,0.08,0.0,ok,,,,
hete_0.3,10,2,50,-0.0099805553824599,0.1714925799648455,0.0293100934972566,0.93,0.07,0.0,ok,,,,
hete_0.5,10,2,50,-0.0143953907816635,0.2007637117058851,0.0400988406621669,0.95,0.05,0.0,ok,,,,
noise_0.5,10,2,100,-0.0117303698951956,0.0665780288277595,0.0042950323447118,0.91,0.09,0.0,ok,,,,
noise_1.0,10,2,100,-0.0304894959027057,0.1296277870383225,0.0158737538120515,0.9,0.1,0.0,ok,,,,
noise_2.0,10,2,200,-0.0466054080417416,0.1485576590794063,0.0198973140124158,0.94,0.06,0.0,ok,,,,
rho_0.3,10,2,50,-0.012415018248043,0.1552186938107318,0.0239387102302104,0.93,0.07,0.0,ok,,,,
rho_0.5,10,2,50,-0.0190819292809473,0.1641284146181633,0.0265740164599886,0.9,0.1,0.0,ok,,,,
rho_0.7,10,2,100,-0.0292399797982806,0.1289699286668444,0.015778266081727,0.9,0.1,0.0,ok,,,,
s1_0.5,10,2,50,-0.0341614596291037,0.28310998736157,0.0789842596198774,0.9,0.1,0.0,ok,,,,
s1_1.0,10,2,100,-0.0267891994618321,0.1283486040612024,0.0157557029566534,0.9,0.1,0.0,ok,,,,
s1_2.0,10,2,100,-0.0109199300497015,0.0667688587656518,0.0043388356285771,0.9,0.1,0.0,ok,,,,
0_基准,10,3,800,-0.0158403732377052,0.0441226938902448,0.0016958946918224,0.92,0.08,0.0,ok,,,,
inter_0.25,10,3,800,-0.0161745177664934,0.0442821337723308,0.0016992923464519,0.92,0.08,0.0,ok,,,,
inter_0.5,10,3,800,-0.0157916645765737,0.0442889094880293,0.0017121308335398,0.92,0.08,0.0,ok,,,,
inter_1.0,10,3,800,-0.0158848651528874,0.0444137110186104,0.0017202487855192,0.92,0.08,0.0,ok,,,,
hete_0.15,10,3,800,-0.0156037082989709,0.0445707241220179,0.0017430737360816,0.92,0.08,0.0,ok,,,,
hete_0.3,10,3,800,-0.015118328864483,0.0448595933064334,0.0017838192439639,0.92,0.08,0.0,ok,,,,
hete_0.5,10,3,800,-0.0152274840966917,0.0448383495275656,0.0017786013164411,0.92,0.08,0.0,ok,,,,
noise_0.5,10,3,800,-0.0154025538466991,0.0449563249592475,0.0017838324888409,0.92,0.08,0.0,ok,,,,
noise_1.0,10,3,800,-0.0154979896280437,0.0450552136274154,0.001789784592501,0.92,0.08,0.0,ok,,,,
noise_2.0,10,3,800,-0.0158610537236292,0.0451419097670175,0.0017862189921896,0.92,0.08,0.0,ok,,,,
rho_0.3,10,3,800,-0.0163827398709865,0.0450368589982577,0.0017599245027485,0.92,0.08,0.0,ok,,,,
rho_0.5,10,3,800,-0.0165213558424742,0.0449355883071568,0.0017462518976366,0.92,0.08,0.0,ok,,,,
rho_0.7,10,3,800,-0.0158888991766752,0.0451551987917058,0.0017865348608719,0.92,0.08,0.0,ok,,,,
s1_0.5,10,3,200,-0.0213824600792392,0.0781280780757855,0.0056467869847757,0.92,0.08,0.0,ok,,,,
s1_1.0,10,3,200,-0.0222336967897845,0.0777007689985984,0.0055430722300334,0.92,0.08,0.0,ok,,,,
s1_2.0,10,3,200,-0.0200772473129079,0.0774692096307252,0.0055983825811455,0.92,0.08,0.0,ok,,,,
0_基准,20,2,100,-0.0026959854863239,0.1182073887631118,0.0139657184204509,0.9,0.1,0.0,ok,,,,
inter_0.25,20,2,200,0.0029222487146676,0.0924247621269552,0.0085337971166738,0.95,0.05,0.0,ok,,,,
inter_0.5,20,2,200,-0.0022752337857083,0.1163616934212422,0.0135348670070795,0.92,0.08,0.0,ok,,,,
inter_1.0,20,2,100,-0.00907352913758,0.2522694965899125,0.0635575699787173,0.94,0.06,0.0,ok,,,,
hete_0.15,20,2,100,0.0026788113770566,0.1191342251610179,0.0141857875743222,0.9,0.1,0.0,ok,,,,
hete_0.3,20,2,200,-0.0024459204342588,0.0985430618674182,0.009704752515435,0.95,0.05,0.0,ok,,,,
hete_0.5,20,2,100,-0.0026392191112628,0.1609372320314296,0.0258938271764209,0.9,0.1,0.0,ok,,,,
noise_0.5,20,2,100,6.222839745784192e-05,0.0590241756371007,0.0034838494372658,0.91,0.09,0.0,ok,,,,
noise_1.0,20,2,100,0.0018434760426833,0.1137795159292762,0.0129423798411804,0.92,0.08,0.0,ok,,,,
noise_2.0,20,2,50,-0.0046488160797479,0.3046240537249162,0.0927742026168573,0.91,0.09,0.0,ok,,,,
rho_0.3,20,2,50,0.0119664027548853,0.1595062800651382,0.0252990585853261,0.91,0.09,0.0,ok,,,,
rho_0.5,20,2,100,0.0039591330070523,0.115326877305489,0.0132846138948677,0.91,0.09,0.0,ok,,,,
rho_0.7,20,2,100,0.0002001481255038,0.115580450284271,0.0133588004286427,0.92,0.08,0.0,ok,,,,
s1_0.5,20,2,100,0.0142233122767014,0.2190153249465775,0.0477654099493343,0.93,0.07,0.0,ok,,,,
s1_1.0,20,2,100,0.0006057120659577,0.1160751866128476,0.0134730820601005,0.92,0.08,0.0,ok,,,,
s1_2.0,20,2,100,-0.0051433999158154,0.0613894489813999,0.0037422098835458,0.93,0.07,0.0,ok,,,,
0_基准,20,3,100,-0.032118105860998,0.1055541932075351,0.0101101149795953,0.91,0.09,0.0,ok,,,,
inter_0.25,20,3,100,-0.0326473231439468,0.1055499982763084,0.0100749544276634,0.91,0.09,0.0,ok,,,,
inter_0.5,20,3,100,-0.0320329879254198,0.1052621583864968,0.0100540096727538,0.91,0.09,0.0,ok,,,,
inter_1.0,20,3,100,-0.0316174819125497,0.1049850310240169,0.0100221915766233,0.91,0.09,0.0,ok,,,,
hete_0.15,20,3,100,-0.033134844298757,0.1053955240877512,0.0100102985910288,0.91,0.09,0.0,ok,,,,
hete_0.3,20,3,100,-0.0325921951381913,0.1054331236173741,0.0100538923717905,0.91,0.09,0.0,ok,,,,
hete_0.5,20,3,100,-0.0314040158290276,0.1053270631762001,0.0101075780271334,0.91,0.09,0.0,ok,,,,
noise_0.5,20,3,100,-0.0311056518084452,0.1051246484563214,0.0100836301386369,0.91,0.09,0.0,ok,,,,
noise_1.0,20,3,100,-0.0321082989173022,0.1058796943995716,0.0101795668267838,0.91,0.09,0.0,ok,,,,
noise_2.0,20,3,100,-0.0328147267784166,0.1065251725914614,0.0102708061020985,0.91,0.09,0.0,ok,,,,
rho_0.3,20,3,100,-0.0317530004430329,0.1059987545022679,0.0102274829188968,0.91,0.09,0.0,ok,,,,
rho_0.5,20,3,100,-0.0300960703462632,0.1082207164095974,0.0108059500099192,0.9,0.1,0.0,ok,,,,
rho_0.7,20,3,200,-0.0167153109287326,0.077757331964373,0.0057668010547735,0.94,0.06,0.0,ok,,,,
s1_0.5,20,3,200,-0.0162077544005643,0.0775236245818232,0.0057472210655944,0.94,0.06,0.0,ok,,,,
s1_1.0,20,3,200,-0.0156987765138485,0.0781822396957456,0.0058660110198112,0.94,0.06,0.0,ok,,,,
s1_2.0,20,3,100,-0.0241527998137226,0.1088296219727424,0.0112605288798882,0.9,0.1,0.0,ok,,,,
0_基准,30,2,200,-0.0270179413066987,0.0840754360306825,0.0063387097912971,0.93,0.07,0.0,ok,,,,
inter_0.25,30,2,50,0.000599789701611,0.1764848190654764,0.0311465316128877,0.9,0.1,0.0,ok,,,,
inter_0.5,30,2,50,0.0008611149398221,0.2139810908728418,0.0457871657321918,0.91,0.09,0.0,ok,,,,
inter_1.0,30,2,50,0.0096617808725403,0.3158779188778653,0.0996855096249823,0.92,0.08,0.0,ok,,,,
hete_0.15,30,2,50,-0.0047786862986523,0.1659707698772852,0.0275234606109178,0.91,0.09,0.0,ok,,,,
hete_0.3,30,2,50,-0.001417126346595,0.1810776198464814,0.0327870961621846,0.9,0.1,0.0,ok,,,,
hete_0.5,30,2,50,0.006301878365317,0.2136102521869024,0.0455896261684208,0.91,0.09,0.0,ok,,,,
noise_0.5,30,2,50,0.0013973158409701,0.0865821718745461,0.007494519994954,0.91,0.09,0.0,ok,,,,
noise_1.0,30,2,50,-0.0014202701401123,0.1649377703383094,0.027202450916902,0.91,0.09,0.0,ok,,,,
noise_2.0,30,2,50,-0.0026243913014988,0.305711929458535,0.0934528963835569,0.9,0.1,0.0,ok,,,,
rho_0.3,30,2,50,-0.0034832220873449,0.155749161287339,0.0242456684055997,0.95,0.05,0.0,ok,,,,
rho_0.5,30,2,100,-0.0066273756633207,0.1190295495479611,0.0141241115574077,0.91,0.09,0.0,ok,,,,
rho_0.7,30,2,50,0.002451240562993,0.1691222301620207,0.0285963201546778,0.91,0.09,0.0,ok,,,,
s1_0.5,30,2,100,0.000509586171483,0.213819654305421,0.0457185848892236,0.9,0.1,0.0,ok,,,,
s1_1.0,30,2,50,0.0007046314515006,0.1725681491944075,0.0297792696109008,0.9,0.1,0.0,ok,,,,
s1_2.0,30,2,200,-0.0142804772033872,0.0439173065783914,0.0017247977879439,0.91,0.09,0.0,ok,,,,
0_基准,30,3,100,-0.0084635976408837,0.1115728200862859,0.0123768616969799,0.91,0.09,0.0,ok,,,,
inter_0.25,30,3,100,-0.0071618272962108,0.1120241446763174,0.0124981172202397,0.91,0.09,0.0,ok,,,,
inter_0.5,30,3,100,-0.0059283564029898,0.11041685767385,0.0121567370489263,0.92,0.08,0.0,ok,,,,
inter_1.0,30,3,100,-0.0033847348217037,0.1088829363431708,0.0118440373968977,0.93,0.07,0.0,ok,,,,
hete_0.15,30,3,100,-0.0023216193937407,0.109174379583748,0.0119136552408869,0.93,0.07,0.0,ok,,,,
hete_0.3,30,3,100,-0.0017539807680122,0.1090746792336728,0.011894209201394,0.93,0.07,0.0,ok,,,,
hete_0.5,30,3,100,-0.0017263196354444,0.1090444583984599,0.0118877137279297,0.93,0.07,0.0,ok,,,,
noise_0.5,30,3,100,-0.002560282167774,0.1097950183411311,0.0120483910077507,0.93,0.07,0.0,ok,,,,
noise_1.0,30,3,100,-0.0019416404854338,0.1093183316440401,0.0119467276656616,0.93,0.07,0.0,ok,,,,
noise_2.0,30,3,100,-0.0013230826097349,0.1091982127278404,0.0119224991153625,0.93,0.07,0.0,ok,,,,
rho_0.3,30,3,100,-7.412582000521084e-05,0.1090914224110047,0.011900932949019,0.93,0.07,0.0,ok,,,,
rho_0.5,30,3,100,-0.001720013544637,0.1104587860479754,0.0121981849685986,0.93,0.07,0.0,ok,,,,
rho_0.7,30,3,100,-0.0028858955284217,0.1092991134174745,0.011937967800845,0.93,0.07,0.0,ok,,,,
s1_0.5,30,3,100,-0.0071993967152619,0.1083379979465794,0.0116852904860093,0.92,0.08,0.0,ok,,,,
s1_1.0,30,3,100,-0.0051326979326553,0.1069377042510319,0.0114093280024132,0.93,0.07,0.0,ok,,,,
s1_2.0,30,3,100,-0.0033056202241422,0.1092826674548954,0.011931774280991,0.92,0.08,0.0,ok,,,,
