config_name,n_samples,d_dim,dgp_num,n,W,p_shapiro,A2,reject_shapiro,reject_ad,reject_both
0_基准,100,10,2,100,0.9910435518016317,0.7484182997985176,0.28225491157343185,False,False,False
inter_0.25,100,10,2,100,0.990445025171886,0.7005621998516169,0.1694009436186832,False,False,False
inter_0.5,100,10,2,100,0.9886134398671974,0.5544759923536144,0.23085498430057783,False,False,False
inter_1.0,100,10,2,100,0.9835179847436453,0.2471593855423237,0.4019822782309177,False,False,False
hete_0.15,100,10,2,100,0.9934935689581207,0.9159715127030879,0.18963113317472846,False,False,False
hete_0.3,100,10,2,100,0.9926740103459807,0.8676374746014586,0.11900678151421573,False,False,False
hete_0.5,100,10,2,100,0.9884283195551915,0.5403051101416259,0.22653499246725062,False,False,False
noise_0.5,100,10,2,100,0.9861942557826835,0.38575759869970216,0.6507527484944973,False,False,False
noise_1.0,100,10,2,100,0.9898591263258436,0.653208701888421,0.32993459826920457,False,False,False
noise_2.0,100,10,2,100,0.989095033118831,0.592059497374401,0.3451898568355318,False,False,False
rho_0.3,100,10,2,100,0.9930300312483911,0.889864231803182,0.21735231212642248,False,False,False
rho_0.5,100,10,2,100,0.9929109412516461,0.8826272393778538,0.24321535542839,False,False,False
rho_0.7,100,10,2,100,0.9895760039256402,0.6303996839571233,0.3559684890745274,False,False,False
s1_0.5,100,10,2,100,0.9897195199139609,0.6419464759124724,0.33881803806589517,False,False,False
s1_1.0,100,10,2,100,0.9893677126690119,0.6137176772751496,0.36572847107554196,False,False,False
s1_2.0,100,10,2,100,0.9908054280390185,0.729503324778596,0.29528556576296694,False,False,False
0_基准,100,10,3,100,0.9841690085557816,0.27623770268490033,0.664999083980149,False,False,False
inter_0.25,100,10,3,100,0.9840754390977025,0.2718829745424738,0.6726702385579273,False,False,False
inter_0.5,100,10,3,100,0.9858044558879566,0.3623589553706891,0.6150681679534387,False,False,False
inter_1.0,100,10,3,100,0.9857889218960052,0.3614496240416232,0.60737296646451,False,False,False
hete_0.15,100,10,3,100,0.9842989881412668,0.28238672607130777,0.6859525894556384,False,False,False
hete_0.3,100,10,3,100,0.9847613063958937,0.3052132958686222,0.6602811274315883,False,False,False
hete_0.5,100,10,3,100,0.9845469759959582,0.29444392597592517,0.672178186931788,False,False,False
noise_0.5,100,10,3,100,0.9869080692023166,0.4314738652187004,0.558787066888911,False,False,False
noise_1.0,100,10,3,100,0.9861805740827634,0.38491744434934494,0.5740787301592007,False,False,False
noise_2.0,100,10,3,100,0.9855525367647626,0.3478308900527748,0.6037534595490968,False,False,False
rho_0.3,100,10,3,100,0.9876196573654008,0.48060038399270694,0.505357904666667,False,False,False
rho_0.5,100,10,3,100,0.9870728014336543,0.4425398900459624,0.532367281142939,False,False,False
rho_0.7,100,10,3,100,0.9864459214440504,0.4014554764526746,0.5673055735881007,False,False,False
s1_0.5,100,10,3,100,0.9867363559356631,0.4201420939186334,0.5562988868872338,False,False,False
s1_1.0,100,10,3,100,0.9853401414291054,0.3359438610448472,0.6327375848643442,False,False,False
s1_2.0,100,10,3,100,0.9856879231085647,0.35558060240227285,0.6302925141277029,False,False,False
0_基准,100,20,2,100,0.9901710224928472,0.6784246716409658,0.21498036557596834,False,False,False
inter_0.25,100,20,2,100,0.9905607439388863,0.7098849033908378,0.17848234154558895,False,False,False
inter_0.5,100,20,2,100,0.9842433320272139,0.27973950633525035,0.3402596658048793,False,False,False
inter_1.0,100,20,2,100,0.9801754344477357,0.13717868318701182,0.6528676902403419,False,False,False
hete_0.15,100,20,2,100,0.9945418430514349,0.9614860544509742,0.14827702346603644,False,False,False
hete_0.3,100,20,2,100,0.9894904490138553,0.6235353213957686,0.2190165240155295,False,False,False
hete_0.5,100,20,2,100,0.9852539981485073,0.33121670902393285,0.3192446286264925,False,False,False
noise_0.5,100,20,2,100,0.9883576157961798,0.5349381675041139,0.39003735276536133,False,False,False
noise_1.0,100,20,2,100,0.9911474283666978,0.7565975559556923,0.199619682088084,False,False,False
noise_2.0,100,20,2,100,0.9955779531166367,0.9872973560648876,0.16748208210378834,False,False,False
rho_0.3,100,20,2,100,0.9858149436726933,0.3629738942777998,0.32031000650133024,False,False,False
rho_0.5,100,20,2,100,0.9916972051186455,0.7988813980300199,0.2733716691841863,False,False,False
rho_0.7,100,20,2,100,0.9917395436110055,0.8020519743105681,0.1792111797936542,False,False,False
s1_0.5,100,20,2,100,0.9931433060071331,0.8965535261837606,0.23217667708955503,False,False,False
s1_1.0,100,20,2,100,0.9916060054268716,0.792005089601763,0.18721897407883148,False,False,False
s1_2.0,100,20,2,100,0.9939547931983822,0.938412245509218,0.19826184185743045,False,False,False
0_基准,100,20,3,100,0.9824941649523987,0.2069227946908459,0.5976108028868339,False,False,False
inter_0.25,100,20,3,100,0.9818126186931804,0.18356217972401312,0.6359126157927335,False,False,False
inter_0.5,100,20,3,100,0.9821677580076217,0.1954111759902995,0.6127035189942944,False,False,False
inter_1.0,100,20,3,100,0.9820032367604956,0.18983622772569847,0.6202063579237915,False,False,False
hete_0.15,100,20,3,100,0.9814685638612147,0.1727263063316214,0.6549310941897772,False,False,False
hete_0.3,100,20,3,100,0.9824498199175542,0.20532299866061798,0.6022408019340162,False,False,False
hete_0.5,100,20,3,100,0.9835943409752469,0.25042433535948083,0.5394257003017771,False,False,False
noise_0.5,100,20,3,100,0.9835517253855409,0.24859743464631734,0.5404942947183002,False,False,False
noise_1.0,100,20,3,100,0.9845066505803267,0.2924539959609985,0.49646959629806986,False,False,False
noise_2.0,100,20,3,100,0.9862861012544272,0.39143301331506297,0.4168495195321924,False,False,False
rho_0.3,100,20,3,100,0.9867238052322097,0.4193220579099587,0.38807737390568775,False,False,False
rho_0.5,100,20,3,100,0.9854055124869872,0.3395672820116651,0.4651015510260379,False,False,False
rho_0.7,100,20,3,100,0.9841049362868811,0.2732493181038606,0.5132888840139032,False,False,False
s1_0.5,100,20,3,100,0.9854544238083865,0.34229880360797027,0.447486855720058,False,False,False
s1_1.0,100,20,3,100,0.9857829967818584,0.3611032461628869,0.4380680868864033,False,False,False
s1_2.0,100,20,3,100,0.9863950605020126,0.39824578086895357,0.42947157347425957,False,False,False
0_基准,100,30,2,100,0.9946804750542005,0.9660198494950141,0.17317585842810956,False,False,False
inter_0.25,100,30,2,100,0.9897771090605539,0.6465892509415017,0.4099709931494431,False,False,False
inter_0.5,100,30,2,100,0.9942853669333583,0.9521763721102121,0.13404855383946312,False,False,False
inter_1.0,100,30,2,100,0.9889738336951479,0.5825130438963666,0.2006007277394275,False,False,False
hete_0.15,100,30,2,100,0.9943623452749852,0.9550965968913184,0.18226603778202843,False,False,False
hete_0.3,100,30,2,100,0.9894530197655458,0.6205374174508866,0.38050341552879274,False,False,False
hete_0.5,100,30,2,100,0.9935235861808589,0.9175428891280009,0.11199994890998255,False,False,False
noise_0.5,100,30,2,100,0.9909638147167544,0.7421081645635974,0.20256732629415808,False,False,False
noise_1.0,100,30,2,100,0.9924815715616383,0.854920458647224,0.20341627964110387,False,False,False
noise_2.0,100,30,2,100,0.9920272658015102,0.8231976348774895,0.2209423186748154,False,False,False
rho_0.3,100,30,2,100,0.9908132805027329,0.7301302335113165,0.40858817210471443,False,False,False
rho_0.5,100,30,2,100,0.9903184699935762,0.6903451046252949,0.3583292813899277,False,False,False
rho_0.7,100,30,2,100,0.9928444218880856,0.8784966182394198,0.19602181844479105,False,False,False
s1_0.5,100,30,2,100,0.9878311074073389,0.49583877812701405,0.18603038974711694,False,False,False
s1_1.0,100,30,2,100,0.9915463425789824,0.7874736841361462,0.22798586680407595,False,False,False
s1_2.0,100,30,2,100,0.9887742875177716,0.5669202100290348,0.416873036085434,False,False,False
0_基准,100,30,3,100,0.989372773274455,0.6141217115608851,0.5027310024905489,False,False,False
inter_0.25,100,30,3,100,0.9904833425087243,0.7036516091882352,0.4355695683805436,False,False,False
inter_0.5,100,30,3,100,0.9908666664395442,0.7343871103370059,0.43442057809116363,False,False,False
inter_1.0,100,30,3,100,0.9909963381878155,0.7446850872443417,0.4288106617581775,False,False,False
hete_0.15,100,30,3,100,0.9919855382417542,0.8201769838291787,0.3699564806852038,False,False,False
hete_0.3,100,30,3,100,0.992579513589736,0.8614509127064602,0.3343329153029089,False,False,False
hete_0.5,100,30,3,100,0.992614505978009,0.8637551251273087,0.33241976684907115,False,False,False
noise_0.5,100,30,3,100,0.9930140981577765,0.8889079647287594,0.30553660891996515,False,False,False
noise_1.0,100,30,3,100,0.9924354372818455,0.8518040298155467,0.3403007838905836,False,False,False
noise_2.0,100,30,3,100,0.9926220925451835,0.8642526417935525,0.3279966815596964,False,False,False
rho_0.3,100,30,3,100,0.9928672307401203,0.8799199701414541,0.3077039704888449,False,False,False
rho_0.5,100,30,3,100,0.9931104945993132,0.8946357767319127,0.2809923355362116,False,False,False
rho_0.7,100,30,3,100,0.9936139307949836,0.9221809946065079,0.26075746029680147,False,False,False
s1_0.5,100,30,3,100,0.9927062169277701,0.869719580574464,0.29030177668484214,False,False,False
s1_1.0,100,30,3,100,0.992247261325665,0.8388379029158317,0.2703314439462332,False,False,False
s1_2.0,100,30,3,100,0.991189004681654,0.7598570547221768,0.287107846150775,False,False,False
0_基准,200,10,2,100,0.9900504609887371,0.6686735226416705,0.43706837325950687,False,False,False
inter_0.25,200,10,2,100,0.9846575998850836,0.29996174086701943,0.4227117104496614,False,False,False
inter_0.5,200,10,2,100,0.9870548369294928,0.4413239273705083,0.4259165637515423,False,False,False
inter_1.0,200,10,2,100,0.9909978081349116,0.7448014555204877,0.20117386846528973,False,False,False
hete_0.15,200,10,2,100,0.981622491539931,0.17749778148466716,0.4154755056432009,False,False,False
hete_0.3,200,10,2,100,0.9833841681504413,0.2415285567964247,0.4164411992560417,False,False,False
hete_0.5,200,10,2,100,0.98895266868126,0.580851587204442,0.3297929746123742,False,False,False
noise_0.5,200,10,2,100,0.991890996822216,0.8132735586323858,0.3542479157215297,False,False,False
noise_1.0,200,10,2,100,0.9908887875672109,0.7361482098156912,0.40392772761394724,False,False,False
noise_2.0,200,10,2,100,0.9913757677654462,0.7743862774200312,0.3262643348475365,False,False,False
rho_0.3,200,10,2,100,0.9773400754960645,0.08232119279548467,0.8783218865661127,False,True,False
rho_0.5,200,10,2,100,0.9823594505170875,0.20209798276350355,0.592644306504198,False,False,False
rho_0.7,200,10,2,100,0.9902077444835959,0.6813944583167812,0.41706373523874163,False,False,False
s1_0.5,200,10,2,100,0.9916166817794492,0.792813268901948,0.2831705974701464,False,False,False
s1_1.0,200,10,2,100,0.9896318008322467,0.6348845361677402,0.4496330316019055,False,False,False
s1_2.0,200,10,2,100,0.9831399892437132,0.23154840024811657,0.5999379742050763,False,False,False
0_基准,200,10,3,100,0.9728048699569253,0.03637896806263983,0.956241840630284,True,True,True
inter_0.25,200,10,3,100,0.9703299086834133,0.023429637011954895,1.022458075395619,True,True,True
inter_0.5,200,10,3,100,0.9703511620835165,0.02351775606942401,1.0187755848069742,True,True,True
inter_1.0,200,10,3,100,0.9679169392130649,0.015346837567949554,1.098432645803797,True,True,True
hete_0.15,200,10,3,100,0.9684136396393691,0.01673462066874313,1.0753576154136226,True,True,True
hete_0.3,200,10,3,100,0.9704435965786675,0.023904997380014677,0.9885513439632092,True,True,True
hete_0.5,200,10,3,100,0.9710578526462577,0.026651115369750785,0.9622710223961803,True,True,True
noise_0.5,200,10,3,100,0.971114762912025,0.026921477163374764,0.9597782688427685,True,True,True
noise_1.0,200,10,3,100,0.9672149117049242,0.013585945308557687,1.040827336159964,True,True,True
noise_2.0,200,10,3,100,0.967632375008412,0.014606104307309832,1.0243083053885442,True,True,True
rho_0.3,200,10,3,100,0.9682949901526892,0.016391694557002165,1.023255891117202,True,True,True
rho_0.5,200,10,3,100,0.968337088956375,0.016512528593094072,1.024210149266608,True,True,True
rho_0.7,200,10,3,100,0.971183527572373,0.027251927912143738,0.9726719901519232,True,True,True
s1_0.5,200,10,3,100,0.9775787935853052,0.08594873883214225,0.8054267828528339,False,True,False
s1_1.0,200,10,3,100,0.9755509703333402,0.05959218777738615,0.8733456820114327,False,True,False
s1_2.0,200,10,3,100,0.9762553262824182,0.06767173755684265,0.8277670481657253,False,True,False
0_基准,200,20,2,100,0.9796366920244755,0.12454474255388409,0.30751314878325786,False,False,False
inter_0.25,200,20,2,100,0.9828062608009892,0.21850894810655175,0.704070457861917,False,False,False
inter_0.5,200,20,2,100,0.9875626136391074,0.4765378967264804,0.4085048003465914,False,False,False
inter_1.0,200,20,2,100,0.9867849685632614,0.42332893398753085,0.28860182073444207,False,False,False
hete_0.15,200,20,2,100,0.9827347958110998,0.2158048049437677,0.6772212682827785,False,False,False
hete_0.3,200,20,2,100,0.9799448139774583,0.13162542964597806,0.7382699055966953,False,False,False
hete_0.5,200,20,2,100,0.9870817307613128,0.44314512039965487,0.45567913263498383,False,False,False
noise_0.5,200,20,2,100,0.9821223163129218,0.19385634529385581,0.6018173510938283,False,False,False
noise_1.0,200,20,2,100,0.9866455756797731,0.4142360969849481,0.356354885078062,False,False,False
noise_2.0,200,20,2,100,0.9854119797656302,0.3399274519750076,0.40352747899333963,False,False,False
rho_0.3,200,20,2,100,0.9864404302311148,0.4011080364704711,0.34539096084824905,False,False,False
rho_0.5,200,20,2,100,0.9951968163387684,0.9799043290359518,0.18800736581171407,False,False,False
rho_0.7,200,20,2,100,0.9860143755242052,0.374821225749318,0.37567949952243396,False,False,False
s1_0.5,200,20,2,100,0.9861978883433249,0.38598089412857695,0.30640942130931137,False,False,False
s1_1.0,200,20,2,100,0.987004372711558,0.43792014472513696,0.3287705228551516,False,False,False
s1_2.0,200,20,2,100,0.9889058002687019,0.5771786424089478,0.4296556649838408,False,False,False
0_基准,200,20,3,100,0.9889031683834926,0.576972647643895,0.28315185946068766,False,False,False
inter_0.25,200,20,3,100,0.989055607591168,0.5889482045342262,0.2844358739601347,False,False,False
inter_0.5,200,20,3,100,0.9898329252546456,0.6510932336198539,0.3034787569737034,False,False,False
inter_1.0,200,20,3,100,0.990262206921364,0.6857979440591353,0.284584159250187,False,False,False
hete_0.15,200,20,3,100,0.9908106210490216,0.7299179350561369,0.2536863965943468,False,False,False
hete_0.3,200,20,3,100,0.9914866487504823,0.782915226639413,0.2233228722992351,False,False,False
hete_0.5,200,20,3,100,0.9905940095732116,0.7125604166081526,0.26137259044365635,False,False,False
noise_0.5,200,20,3,100,0.9906445361074301,0.7166197263233461,0.25894064595397026,False,False,False
noise_1.0,200,20,3,100,0.9910320329005167,0.7475083516023027,0.24035894332754992,False,False,False
noise_2.0,200,20,3,100,0.9909050469362749,0.737441555450473,0.23820345526766573,False,False,False
rho_0.3,200,20,3,100,0.9907850652838075,0.7278767627123472,0.243877748900573,False,False,False
rho_0.5,200,20,3,100,0.9898205759454431,0.6500964112983321,0.2904185976391176,False,False,False
rho_0.7,200,20,3,100,0.9908919254889034,0.7363978874091351,0.24992626408300112,False,False,False
s1_0.5,200,20,3,100,0.9905678663695703,0.7104579373773738,0.26851845182984846,False,False,False
s1_1.0,200,20,3,100,0.9926365470638806,0.8651985108867196,0.2193190144310364,False,False,False
s1_2.0,200,20,3,100,0.9928831063327211,0.8809063633036269,0.20416018466035268,False,False,False
0_基准,200,30,2,100,0.982516222562973,0.20772280374497282,0.555951400611562,False,False,False
inter_0.25,200,30,2,100,0.9775807349645466,0.08597888319453714,0.8314304214093369,False,True,False
inter_0.5,200,30,2,100,0.972474403651335,0.03429274239023575,1.0081698217217223,True,True,True
inter_1.0,200,30,2,100,0.9673375955760052,0.013877831035769072,0.8889801249869578,True,True,True
hete_0.15,200,30,2,100,0.9794486650324968,0.12040725241839534,0.5831969355842119,False,False,False
hete_0.3,200,30,2,100,0.98280328020305,0.21839555246437847,0.6502014933187468,False,False,False
hete_0.5,200,30,2,100,0.9783114862182314,0.09810447609798673,0.8236874658785069,False,True,False
noise_0.5,200,30,2,100,0.9905495563941915,0.7089846138954357,0.26052289764183456,False,False,False
noise_1.0,200,30,2,100,0.9846650975794338,0.3003388515717055,0.4901421141157698,False,False,False
noise_2.0,200,30,2,100,0.9894937393480646,0.6237990180573743,0.18416865572135066,False,False,False
rho_0.3,200,30,2,100,0.979195088131672,0.11503904427078693,0.6144153390233384,False,False,False
rho_0.5,200,30,2,100,0.9907044506442131,0.721425533067912,0.17514080558778744,False,False,False
rho_0.7,200,30,2,100,0.9853812169300848,0.3382169683097008,0.47694940261895624,False,False,False
s1_0.5,200,30,2,100,0.9816130835463037,0.1772026320476095,0.5972682271570164,False,False,False
s1_1.0,200,30,2,100,0.9847103087577871,0.30262128964977464,0.4869053437753479,False,False,False
s1_2.0,200,30,2,100,0.9849291634967814,0.31387603639364114,0.4566840347563783,False,False,False
0_基准,200,30,3,100,0.9873088653189322,0.45872411770010957,0.5240204086441196,False,False,False
inter_0.25,200,30,3,100,0.9883329301448466,0.5330704752359138,0.4725699033890436,False,False,False
inter_0.5,200,30,3,100,0.9876269133142355,0.48111862659570603,0.48901484678565055,False,False,False
inter_1.0,200,30,3,100,0.9868369818401711,0.4267573043843195,0.5224380584779027,False,False,False
hete_0.15,200,30,3,100,0.9874205998510077,0.4665158003117164,0.492099866586571,False,False,False
hete_0.3,200,30,3,100,0.9880000421901771,0.5082102590127939,0.48572337324156933,False,False,False
hete_0.5,200,30,3,100,0.9873360366817845,0.46061121104400626,0.5166333560192413,False,False,False
noise_0.5,200,30,3,100,0.9888084194155919,0.5695756317375075,0.4535106074911255,False,False,False
noise_1.0,200,30,3,100,0.9898736565945803,0.6543821734730328,0.41845687164008893,False,False,False
noise_2.0,200,30,3,100,0.9893534818462404,0.6125818720630748,0.42632959504265955,False,False,False
rho_0.3,200,30,3,100,0.9910103934817387,0.7457974142077125,0.349448585030089,False,False,False
rho_0.5,200,30,3,100,0.9909220006440582,0.7387891231447277,0.3538619615759018,False,False,False
rho_0.7,200,30,3,100,0.9901523558360076,0.6769149277400017,0.3953055244976724,False,False,False
s1_0.5,200,30,3,100,0.9836180645788061,0.2514464902182521,0.5258277620302607,False,False,False
s1_1.0,200,30,3,100,0.9849612523526485,0.31555508989617564,0.46365524734765984,False,False,False
s1_2.0,200,30,3,100,0.9839391021606149,0.26564447697558,0.4818216164014757,False,False,False
0_基准,400,10,2,100,0.9853783745554907,0.338059275012344,0.3375335891293503,False,False,False
inter_0.25,400,10,2,100,0.9890035224656926,0.584846503160549,0.25619188902281564,False,False,False
inter_0.5,400,10,2,100,0.9845774552016252,0.29595557415198753,0.4617961251812943,False,False,False
inter_1.0,400,10,2,100,0.9796172453402555,0.12411048717887646,0.8450353457471209,False,True,False
hete_0.15,400,10,2,100,0.9880042515432873,0.5085206869854129,0.38486927285354966,False,False,False
hete_0.3,400,10,2,100,0.9882512735984187,0.5269155284746906,0.2742018115855984,False,False,False
hete_0.5,400,10,2,100,0.9841558648315485,0.27562237650198695,0.4796481596845439,False,False,False
noise_0.5,400,10,2,100,0.9930952872129842,0.8937414055044968,0.20833057485808126,False,False,False
noise_1.0,400,10,2,100,0.9883809684493958,0.5367079454573309,0.2649222933347204,False,False,False
noise_2.0,400,10,2,100,0.9891808132417966,0.5988474651231219,0.2847767883216079,False,False,False
rho_0.3,400,10,2,100,0.9833284399807516,0.239217509831763,0.45918553959536723,False,False,False
rho_0.5,400,10,2,100,0.9877732122178238,0.49163877717114285,0.33571442763778236,False,False,False
rho_0.7,400,10,2,100,0.9871454410262727,0.4474793728854615,0.3132372463827693,False,False,False
s1_0.5,400,10,2,100,0.9885435183681863,0.5491038316263809,0.38777021534374967,False,False,False
s1_1.0,400,10,2,100,0.9870564937605933,0.4414359796137736,0.30384119592118,False,False,False
s1_2.0,400,10,2,100,0.9891039111249931,0.592760868293876,0.34192844423610325,False,False,False
0_基准,400,10,3,100,0.9859236003312912,0.3693924397364955,0.44468251368896006,False,False,False
inter_0.25,400,10,3,100,0.9857464560925506,0.35897280798715114,0.4539379011486204,False,False,False
inter_0.5,400,10,3,100,0.9870354050115102,0.4400111596608786,0.42622837567827787,False,False,False
inter_1.0,400,10,3,100,0.9884810960524653,0.5443278934727946,0.41915656744534147,False,False,False
hete_0.15,400,10,3,100,0.9891718488454602,0.5981369400831595,0.386585870036555,False,False,False
hete_0.3,400,10,3,100,0.9881704845475947,0.5208616518025677,0.4245592543652066,False,False,False
hete_0.5,400,10,3,100,0.9878762402063936,0.4991271618255979,0.44215609674597545,False,False,False
noise_0.5,400,10,3,100,0.9889987388957171,0.5844703018079714,0.38701375912594926,False,False,False
noise_1.0,400,10,3,100,0.988293961591774,0.5301287202145999,0.3924443736625278,False,False,False
noise_2.0,400,10,3,100,0.9882758756804844,0.528766164669183,0.39500622483072334,False,False,False
rho_0.3,400,10,3,100,0.9882861998416927,0.5295437504452527,0.3950155203698813,False,False,False
rho_0.5,400,10,3,100,0.9892961267170762,0.6080098986825653,0.3477216474841356,False,False,False
rho_0.7,400,10,3,100,0.990433218451011,0.699609831557191,0.29975850596441944,False,False,False
s1_0.5,400,10,3,100,0.9894027742223342,0.6165183558095086,0.3416775450850622,False,False,False
s1_1.0,400,10,3,100,0.9900960773996685,0.6723629630989343,0.3013859565277244,False,False,False
s1_2.0,400,10,3,100,0.9908223411807349,0.7308533611105689,0.27774384231547344,False,False,False
0_基准,400,20,2,100,0.9902819013311008,0.6873898980020412,0.24235675994454198,False,False,False
inter_0.25,400,20,2,100,0.9823833871009395,0.20294763606451477,0.4368462872596979,False,False,False
inter_0.5,400,20,2,100,0.986463036813185,0.4025398032534374,0.4044803456029058,False,False,False
inter_1.0,400,20,2,100,0.9902624619681097,0.685818561782898,0.3650938986024528,False,False,False
hete_0.15,400,20,2,100,0.9851993484213893,0.32824580926047286,0.3782452978446287,False,False,False
hete_0.3,400,20,2,100,0.9828542056104826,0.22034036183491246,0.4649454439383902,False,False,False
hete_0.5,400,20,2,100,0.987387325394025,0.4641867488883546,0.34063327428125945,False,False,False
noise_0.5,400,20,2,100,0.9913727936211748,0.7741564558509704,0.18162697883660428,False,False,False
noise_1.0,400,20,2,100,0.9896723740608044,0.6381493361244182,0.30754015787084654,False,False,False
noise_2.0,400,20,2,100,0.9875357000780493,0.47462847327213176,0.3597496449337143,False,False,False
rho_0.3,400,20,2,100,0.9850811495058811,0.32189442242082256,0.5923440616861768,False,False,False
rho_0.5,400,20,2,100,0.9926380684514283,0.8652979108420182,0.22525126079733582,False,False,False
rho_0.7,400,20,2,100,0.98651255364363,0.40568884463588145,0.38423506520183537,False,False,False
s1_0.5,400,20,2,100,0.9894217163066393,0.618032759005942,0.3265678530710687,False,False,False
s1_1.0,400,20,2,100,0.9854785604370572,0.3436532016677327,0.4318843639447323,False,False,False
s1_2.0,400,20,2,100,0.9871981993057155,0.45108965281635127,0.27998395023107037,False,False,False
0_基准,400,20,3,100,0.9917627829807576,0.8037862247395653,0.27783789682406734,False,False,False
inter_0.25,400,20,3,100,0.9910715970138033,0.750631372727901,0.3155533399312276,False,False,False
inter_0.5,400,20,3,100,0.9910870769639488,0.7518514271401295,0.3149027850049606,False,False,False
inter_1.0,400,20,3,100,0.9911130321313685,0.753894657319631,0.31014464372103134,False,False,False
hete_0.15,400,20,3,100,0.9910033136898475,0.7452372246223008,0.3142554002779434,False,False,False
hete_0.3,400,20,3,100,0.9904145902080531,0.6981068356540654,0.3446010862369775,False,False,False
hete_0.5,400,20,3,100,0.9898059632053603,0.6489171138522472,0.36547073167818667,False,False,False
noise_0.5,400,20,3,100,0.9907941526940172,0.7286028142413578,0.31495465568426084,False,False,False
noise_1.0,400,20,3,100,0.990082222020813,0.6712423096963769,0.36469508301661335,False,False,False
noise_2.0,400,20,3,100,0.9897491167574782,0.6443319574509331,0.376238935915822,False,False,False
rho_0.3,400,20,3,100,0.9899002695369754,0.656531958557218,0.3723829316291898,False,False,False
rho_0.5,400,20,3,100,0.9897710853182108,0.6461034084267667,0.38678549554802544,False,False,False
rho_0.7,400,20,3,100,0.9902359550745177,0.6836755711398442,0.35340734788185557,False,False,False
s1_0.5,400,20,3,100,0.9906570189264153,0.7176217075862702,0.3461296132806382,False,False,False
s1_1.0,400,20,3,100,0.9890038729845931,0.5848740729154442,0.4056921583102877,False,False,False
s1_2.0,400,20,3,100,0.9894385628090404,0.6193803836183464,0.3948298652169342,False,False,False
0_基准,400,30,2,100,0.974391250806594,0.048355376627808054,0.7001775801742411,True,False,False
inter_0.25,400,30,2,100,0.9806765112042791,0.15003305590229754,0.5053768289403422,False,False,False
inter_0.5,400,30,2,100,0.9891979293271563,0.60020482473629,0.3151433877334995,False,False,False
inter_1.0,400,30,2,100,0.9852291565931937,0.32986356387546756,0.3720167082055781,False,False,False
hete_0.15,400,30,2,100,0.9803810059337426,0.1423187922582816,0.5435089173388974,False,False,False
hete_0.3,400,30,2,100,0.9842514330623733,0.28012349193395203,0.4152585714444115,False,False,False
hete_0.5,400,30,2,100,0.985906466502233,0.3683745492771434,0.4169528195153731,False,False,False
noise_0.5,400,30,2,100,0.9660172706459214,0.011050378806988666,0.8377533746639756,True,True,True
noise_1.0,400,30,2,100,0.9699856177463534,0.022048707366481308,0.7423843898256024,True,False,False
noise_2.0,400,30,2,100,0.9802989257397418,0.14024459527151456,0.4334208621122997,False,False,False
rho_0.3,400,30,2,100,0.9827046716091642,0.21467411011286203,0.5192847155194471,False,False,False
rho_0.5,400,30,2,100,0.9855918009318432,0.3500645733921305,0.3260541684199012,False,False,False
rho_0.7,400,30,2,100,0.9716599157940053,0.029658916022460832,0.6857938944979054,True,False,False
s1_0.5,400,30,2,100,0.9791214841679592,0.11352515547353864,0.37429701372130353,False,False,False
s1_1.0,400,30,2,100,0.9782834281881121,0.09760906057015127,0.5672857968297933,False,False,False
s1_2.0,400,30,2,100,0.9908244334018746,0.731020303187876,0.25417810352034564,False,False,False
0_基准,400,30,3,100,0.9874889680487152,0.4713241749766616,0.30866160723157066,False,False,False
inter_0.25,400,30,3,100,0.9877541498001468,0.4902604261899013,0.29613223250117926,False,False,False
inter_0.5,400,30,3,100,0.9866287355832463,0.41314700439357666,0.32185192592417877,False,False,False
inter_1.0,400,30,3,100,0.9860350014290651,0.37606319189763043,0.33704205209269844,False,False,False
hete_0.15,400,30,3,100,0.9862959618644401,0.3920459943474881,0.32285077784094085,False,False,False
hete_0.3,400,30,3,100,0.9862407660159311,0.38862390244717115,0.32661421745083885,False,False,False
hete_0.5,400,30,3,100,0.9862021682566426,0.3862441065901612,0.32966498060923755,False,False,False
noise_0.5,400,30,3,100,0.9869091565241657,0.4315462843274966,0.30181878365407044,False,False,False
noise_1.0,400,30,3,100,0.9869095758365286,0.43157421409247976,0.30184728586843335,False,False,False
noise_2.0,400,30,3,100,0.9861620562990061,0.38378250274787945,0.34619046294071154,False,False,False
rho_0.3,400,30,3,100,0.9857095660933073,0.3568319603746643,0.37295602664481464,False,False,False
rho_0.5,400,30,3,100,0.9859935096745972,0.3735679906594934,0.371015660077461,False,False,False
rho_0.7,400,30,3,100,0.9864170063969505,0.39962842197583337,0.3469112947533688,False,False,False
s1_0.5,400,30,3,100,0.9863068954455398,0.39272650578039536,0.35382332468419975,False,False,False
s1_1.0,400,30,3,100,0.98619400180046,0.3857419898901182,0.35697313885034987,False,False,False
s1_2.0,400,30,3,100,0.9861967756654562,0.3859124869695403,0.35683190343262083,False,False,False
0_基准,50,10,2,100,0.9807127479588524,0.15100615575457937,0.6194143270422074,False,False,False
inter_0.25,50,10,2,100,0.9848090216416984,0.3076552621950809,0.4860505585296977,False,False,False
inter_0.5,50,10,2,100,0.9878364013227482,0.49622385146422976,0.34222466837373133,False,False,False
inter_1.0,50,10,2,100,0.9931203124471651,0.8952113221096114,0.21449323971539513,False,False,False
hete_0.15,50,10,2,100,0.9865797248125805,0.4099889524621154,0.41473268145682596,False,False,False
hete_0.3,50,10,2,100,0.9915985710368012,0.7914418315912367,0.30151583868689613,False,False,False
hete_0.5,50,10,2,100,0.9940210567210462,0.941329356231443,0.1945018796629654,False,False,False
noise_0.5,50,10,2,100,0.9912611801141777,0.7654946031945321,0.2840897791130459,False,False,False
noise_1.0,50,10,2,100,0.9829358287594987,0.22349032517921008,0.5662419231728251,False,False,False
noise_2.0,50,10,2,100,0.9754124003324829,0.05812108597272681,0.6955975615127414,False,False,False
rho_0.3,50,10,2,100,0.982262801289871,0.19870058158450532,0.5619035041388827,False,False,False
rho_0.5,50,10,2,100,0.9799143420971538,0.130908145244588,0.5240483236104581,False,False,False
rho_0.7,50,10,2,100,0.9848482255381928,0.30967381268772676,0.46995909935820634,False,False,False
s1_0.5,50,10,2,100,0.9845551912523013,0.29485072570503856,0.5599516562841984,False,False,False
s1_1.0,50,10,2,100,0.9873925890545124,0.46455469075678874,0.5010010474696429,False,False,False
s1_2.0,50,10,2,100,0.9829006140473577,0.2221263587613364,0.636063101187176,False,False,False
0_基准,50,10,3,100,0.9865653598706866,0.4090666125662011,0.3485755211110728,False,False,False
inter_0.25,50,10,3,100,0.9852885217210615,0.3331047080392189,0.4029366139258457,False,False,False
inter_0.5,50,10,3,100,0.9838155641158913,0.2600998113876817,0.47463431988207105,False,False,False
inter_1.0,50,10,3,100,0.9847857875075601,0.30646415744874317,0.4154366657041919,False,False,False
hete_0.15,50,10,3,100,0.9842381757115161,0.27949533499414103,0.43441066557772956,False,False,False
hete_0.3,50,10,3,100,0.9861095378389857,0.38057735125536324,0.38812100427969654,False,False,False
hete_0.5,50,10,3,100,0.9846438640203886,0.29927190327109693,0.4428610360184564,False,False,False
noise_0.5,50,10,3,100,0.9855717191177495,0.34892073377801536,0.3846559330800119,False,False,False
noise_1.0,50,10,3,100,0.9858079084667395,0.3625613039678568,0.3614176014335442,False,False,False
noise_2.0,50,10,3,100,0.9867314865565205,0.4198238056840681,0.32699899362314966,False,False,False
rho_0.3,50,10,3,100,0.9869001333946665,0.4309455670054977,0.325371941275435,False,False,False
rho_0.5,50,10,3,100,0.9850457829252388,0.3200136856296788,0.36678937725341143,False,False,False
rho_0.7,50,10,3,100,0.9829821920057047,0.22529767673704953,0.430860406429602,False,False,False
s1_0.5,50,10,3,100,0.9833397547895515,0.23968513044689377,0.40709945031512973,False,False,False
s1_1.0,50,10,3,100,0.9820590313784584,0.19171010754828788,0.4353081738854314,False,False,False
s1_2.0,50,10,3,100,0.9825399789219222,0.20858759889073947,0.4021148009567952,False,False,False
0_基准,50,20,2,100,0.98980897019358,0.649159767375774,0.36396106232079717,False,False,False
inter_0.25,50,20,2,100,0.989179874536403,0.5987730502947026,0.22930709576451136,False,False,False
inter_0.5,50,20,2,100,0.9919721834473862,0.8192067751026337,0.17066548955479277,False,False,False
inter_1.0,50,20,2,100,0.9863638651095504,0.39628642791404306,0.5545252276900925,False,False,False
hete_0.15,50,20,2,100,0.989421795415681,0.618039085618824,0.2681660897107605,False,False,False
hete_0.3,50,20,2,100,0.9902469378333602,0.6845635363312836,0.2730636080916611,False,False,False
hete_0.5,50,20,2,100,0.99157036323792,0.7893010909449949,0.1946462149782917,False,False,False
noise_0.5,50,20,2,100,0.9878212759146866,0.4951241014023799,0.3976148006545941,False,False,False
noise_1.0,50,20,2,100,0.9929019200821237,0.8820707132129593,0.20752868450028927,False,False,False
noise_2.0,50,20,2,100,0.9835373101511086,0.24798214207787878,0.5380197556192741,False,False,False
rho_0.3,50,20,2,100,0.9936528153991687,0.9241346083297262,0.1865306367473636,False,False,False
rho_0.5,50,20,2,100,0.9937483840473689,0.9288256356392603,0.18270857635039306,False,False,False
rho_0.7,50,20,2,100,0.9930579687225549,0.891531908220727,0.17252993140955653,False,False,False
s1_0.5,50,20,2,100,0.983869035174279,0.26248716037327235,0.4037094025199792,False,False,False
s1_1.0,50,20,2,100,0.9931593324532171,0.8974842649158665,0.17393493390738968,False,False,False
s1_2.0,50,20,2,100,0.9932791461441005,0.9043163998583305,0.27846330013589693,False,False,False
0_基准,50,20,3,100,0.9889994073184509,0.5845228643920389,0.4245843590321101,False,False,False
inter_0.25,50,20,3,100,0.9884597543565559,0.542699473888804,0.4413646308714618,False,False,False
inter_0.5,50,20,3,100,0.9882424061978446,0.5262493039046331,0.45069539984109497,False,False,False
inter_1.0,50,20,3,100,0.9867335040312908,0.41995565792238887,0.5374189779319352,False,False,False
hete_0.15,50,20,3,100,0.9859548459989051,0.3712542448440748,0.5817110813731858,False,False,False
hete_0.3,50,20,3,100,0.9847207664191688,0.3031513018674647,0.6246063184512423,False,False,False
hete_0.5,50,20,3,100,0.9853111882579765,0.33434900367088943,0.594908850599225,False,False,False
noise_0.5,50,20,3,100,0.986491138648171,0.40432477138130535,0.5297196185674125,False,False,False
noise_1.0,50,20,3,100,0.9878986052786939,0.500761259808891,0.48671275363012967,False,False,False
noise_2.0,50,20,3,100,0.9890948873847536,0.5920479865410264,0.44358253290232597,False,False,False
rho_0.3,50,20,3,100,0.9874369331011561,0.46766173000903427,0.4176197453289632,False,False,False
rho_0.5,50,20,3,100,0.9874976760943934,0.4719388185879476,0.4132889383442375,False,False,False
rho_0.7,50,20,3,100,0.9873874318211004,0.4641941865602437,0.41648961407635454,False,False,False
s1_0.5,50,20,3,100,0.9877226245119824,0.48798588296776435,0.39014861767687137,False,False,False
s1_1.0,50,20,3,100,0.9876902766451646,0.485658458999506,0.42419512211395727,False,False,False
s1_2.0,50,20,3,100,0.9882410480515108,0.5261473016497323,0.3963346086600268,False,False,False
0_基准,50,30,2,100,0.9800894716287248,0.13508276399504893,0.7008265012722319,False,False,False
inter_0.25,50,30,2,100,0.9914473879912283,0.7799042083127925,0.34548084656452716,False,False,False
inter_0.5,50,30,2,100,0.9898386364674941,0.6515542934903891,0.272619556862864,False,False,False
inter_1.0,50,30,2,100,0.985395673259786,0.3390199112228898,0.3138238616164557,False,False,False
hete_0.15,50,30,2,100,0.9856324357483186,0.35238814692662707,0.5618545727960935,False,False,False
hete_0.3,50,30,2,100,0.9901225381397757,0.6745031985119898,0.44629944743469707,False,False,False
hete_0.5,50,30,2,100,0.991938076361581,0.8167214635359508,0.20119376406621825,False,False,False
noise_0.5,50,30,2,100,0.9753816335599802,0.05779946909520655,0.8727952974665811,False,True,False
noise_1.0,50,30,2,100,0.9837281026847237,0.2562359267244906,0.5029202283724601,False,False,False
noise_2.0,50,30,2,100,0.9822381616003258,0.19784292946114174,0.49589398868354806,False,False,False
rho_0.3,50,30,2,100,0.9784276105272094,0.10018141245101693,0.5760808308357781,False,False,False
rho_0.5,50,30,2,100,0.9770222923311072,0.07772807869324605,0.4661734602145913,False,False,False
rho_0.7,50,30,2,100,0.9846301336430967,0.2985836769077044,0.46178060818178324,False,False,False
s1_0.5,50,30,2,100,0.9830973796431113,0.22984530138174458,0.5740584251715006,False,False,False
s1_1.0,50,30,2,100,0.9861100401544466,0.38060791132193256,0.36989943779367707,False,False,False
s1_2.0,50,30,2,100,0.988455309802903,0.5423606322963859,0.42996156346232794,False,False,False
0_基准,50,30,3,100,0.9888753558907657,0.5747975033091478,0.2729554561267946,False,False,False
inter_0.25,50,30,3,100,0.9882286495745083,0.5252165921123892,0.29128772374642153,False,False,False
inter_0.5,50,30,3,100,0.9887562589602628,0.5655196415806003,0.264302464589079,False,False,False
inter_1.0,50,30,3,100,0.9892197150349775,0.6019338575709705,0.26807656070722885,False,False,False
hete_0.15,50,30,3,100,0.9897149918341588,0.6415816310699796,0.23706842231302971,False,False,False
hete_0.3,50,30,3,100,0.9894112029216875,0.6171921098110376,0.24923820584947975,False,False,False
hete_0.5,50,30,3,100,0.9890720167782385,0.5902424747193586,0.26635327650515705,False,False,False
noise_0.5,50,30,3,100,0.9884249421435068,0.5400481540483131,0.2760447398538446,False,False,False
noise_1.0,50,30,3,100,0.9878080578685232,0.49416418107493254,0.2905144452455346,False,False,False
noise_2.0,50,30,3,100,0.9851803710441895,0.3272192314200133,0.3336733479635683,False,False,False
rho_0.3,50,30,3,100,0.9867889191144801,0.42358865434722415,0.27244274993988427,False,False,False
rho_0.5,50,30,3,100,0.9871159990022712,0.44547293672288013,0.27422517840659566,False,False,False
rho_0.7,50,30,3,100,0.9872994626186113,0.4580722404120333,0.27243469228487527,False,False,False
s1_0.5,50,30,3,100,0.9870638263336964,0.44193211333946353,0.2798447687285375,False,False,False
s1_1.0,50,30,3,100,0.9871217730380777,0.4458659598365876,0.2802189435687694,False,False,False
s1_2.0,50,30,3,100,0.9887081380056341,0.5617883183365583,0.23671211672072445,False,False,False
0_基准,800,10,2,100,0.9936863516272453,0.9257987040173842,0.20635900087656012,False,False,False
inter_0.25,800,10,2,100,0.9855050602059208,0.34514511989773594,0.2643049321338822,False,False,False
inter_0.5,800,10,2,100,0.9887705715416161,0.5666314145614789,0.2808404566088143,False,False,False
inter_1.0,800,10,2,100,0.9864459522030011,0.4014574232489451,0.43900286686934464,False,False,False
hete_0.15,800,10,2,100,0.9873701263406489,0.4629857803651133,0.298244661732852,False,False,False
hete_0.3,800,10,2,100,0.9824992908279506,0.20710845273167205,0.3077874723467602,False,False,False
hete_0.5,800,10,2,100,0.9859915688503489,0.3734515843280118,0.29757980642558834,False,False,False
noise_0.5,800,10,2,100,0.9963572282697779,0.9961532457627781,0.13503215902017018,False,False,False
noise_1.0,800,10,2,100,0.9930094115566408,0.8886259745679241,0.2331519342919819,False,False,False
noise_2.0,800,10,2,100,0.9914122590175938,0.7772016989615476,0.2578718834527933,False,False,False
rho_0.3,800,10,2,100,0.9914255955458428,0.7782286071766714,0.23178232370517549,False,False,False
rho_0.5,800,10,2,100,0.9803094237595735,0.14050825235895914,0.37346186526583836,False,False,False
rho_0.7,800,10,2,100,0.992009579547266,0.8219193429912052,0.24215698400044516,False,False,False
s1_0.5,800,10,2,100,0.9902586489680528,0.6855103185582444,0.23867794108049623,False,False,False
s1_1.0,800,10,2,100,0.9922845590815609,0.8414393767538755,0.2295925835183681,False,False,False
s1_2.0,800,10,2,100,0.9851610991629208,0.32617940022566255,0.4196350758322751,False,False,False
0_基准,800,10,3,100,0.9805594173104124,0.14692949036362452,0.2045303651938184,False,False,False
inter_0.25,800,10,3,100,0.980191672815506,0.1375781110313175,0.2351537457359001,False,False,False
inter_0.5,800,10,3,100,0.9805557595659941,0.14683353981540287,0.21750760126943192,False,False,False
inter_1.0,800,10,3,100,0.9809665377475137,0.15799228330732978,0.2056143577567724,False,False,False
hete_0.15,800,10,3,100,0.9807248128573579,0.15133148302939015,0.22723034134494924,False,False,False
hete_0.3,800,10,3,100,0.9805299409568464,0.14615796870565412,0.25332608015536096,False,False,False
hete_0.5,800,10,3,100,0.9804461786541566,0.14398671209226316,0.25655756595961066,False,False,False
noise_0.5,800,10,3,100,0.9801610951992805,0.13682689986378627,0.27729900224233006,False,False,False
noise_1.0,800,10,3,100,0.9805692867144834,0.14718868618225445,0.26129936956904487,False,False,False
noise_2.0,800,10,3,100,0.9796464247198582,0.12476263361638879,0.3179001370110939,False,False,False
rho_0.3,800,10,3,100,0.979487700709062,0.12125505933204528,0.32200508099711556,False,False,False
rho_0.5,800,10,3,100,0.9796543492182117,0.12494031733953398,0.30687502457661253,False,False,False
rho_0.7,800,10,3,100,0.9796996015831343,0.12595969243363608,0.3158669326544157,False,False,False
s1_0.5,800,10,3,100,0.9798133411496746,0.12855764228082345,0.3095024041167136,False,False,False
s1_1.0,800,10,3,100,0.9799333420968712,0.1313549448853235,0.30385684845205674,False,False,False
s1_2.0,800,10,3,100,0.9803367401519327,0.1411965398399544,0.2796501591848539,False,False,False
0_基准,800,20,2,100,0.9841369925209669,0.2747409357220567,0.360044857268619,False,False,False
inter_0.25,800,20,2,100,0.9912935554483088,0.7680143756295477,0.2575603657178789,False,False,False
inter_0.5,800,20,2,100,0.9933605085267186,0.9088267143119081,0.19898330272764042,False,False,False
inter_1.0,800,20,2,100,0.9954942061197698,0.9858666137044447,0.17553266719353644,False,False,False
hete_0.15,800,20,2,100,0.9882122496495882,0.5239868027120999,0.3087425107912196,False,False,False
hete_0.3,800,20,2,100,0.9919436203800412,0.8171261696473949,0.2759871547595907,False,False,False
hete_0.5,800,20,2,100,0.9943696562954645,0.9553683232203103,0.17937656478953556,False,False,False
noise_0.5,800,20,2,100,0.9761360991698389,0.06623030531952798,0.4825093460542149,False,False,False
noise_1.0,800,20,2,100,0.9829421293433488,0.22373516382957548,0.3915429771510617,False,False,False
noise_2.0,800,20,2,100,0.9845972160733439,0.296939136756708,0.3792289932001722,False,False,False
rho_0.3,800,20,2,100,0.9916432327601147,0.7948194967995861,0.2428652078285154,False,False,False
rho_0.5,800,20,2,100,0.9873352314448941,0.4605552149146323,0.30074216743044246,False,False,False
rho_0.7,800,20,2,100,0.9850612162441927,0.3208332916796286,0.3477282210822068,False,False,False
s1_0.5,800,20,2,100,0.9872162665074421,0.45233037218842015,0.25395139190436566,False,False,False
s1_1.0,800,20,2,100,0.9858704911621389,0.36624434062558775,0.33200702643229363,False,False,False
s1_2.0,800,20,2,100,0.9951649854006894,0.9791812017760266,0.2127724775806712,False,False,False
0_基准,800,20,3,100,0.9892153912496046,0.601590578678521,0.36615659313373783,False,False,False
inter_0.25,800,20,3,100,0.9891229228808076,0.5942637343285407,0.361502462803287,False,False,False
inter_0.5,800,20,3,100,0.988880430851162,0.5751941689241454,0.366860141359453,False,False,False
inter_1.0,800,20,3,100,0.9898370157797097,0.6514234535562979,0.3152327128887862,False,False,False
hete_0.15,800,20,3,100,0.9908292687544266,0.7314060712172126,0.26882271596197427,False,False,False
hete_0.3,800,20,3,100,0.9908824846123385,0.735646593399873,0.2653505276607433,False,False,False
hete_0.5,800,20,3,100,0.9908900692356353,0.7362501935542425,0.2647682985489439,False,False,False
noise_0.5,800,20,3,100,0.9908527778737797,0.733280567001075,0.2657576976177154,False,False,False
noise_1.0,800,20,3,100,0.9900447138191361,0.6682087242402387,0.31697177019842115,False,False,False
noise_2.0,800,20,3,100,0.9893963039955185,0.616001278124112,0.36125407241880225,False,False,False
rho_0.3,800,20,3,100,0.9885781880766068,0.5517646272420527,0.3946083305712591,False,False,False
rho_0.5,800,20,3,100,0.9887690205768466,0.5665108955725662,0.38209528389084824,False,False,False
rho_0.7,800,20,3,100,0.9881678426463301,0.5206642927973073,0.4189005741122145,False,False,False
s1_0.5,800,20,3,100,0.9880338280284534,0.510704789635601,0.42704166819721934,False,False,False
s1_1.0,800,20,3,100,0.9877176511041028,0.4876276197714765,0.45492632328317484,False,False,False
s1_2.0,800,20,3,100,0.9873958102887627,0.46477995313214693,0.4528602236324417,False,False,False
0_基准,800,30,2,100,0.9840676621471264,0.2715237251253021,0.3407171339792967,False,False,False
inter_0.25,800,30,2,100,0.9799808981045738,0.13247974366621018,0.38266077819507416,False,False,False
inter_0.5,800,30,2,100,0.9771111637900006,0.07898617417747206,0.4075475181357717,False,False,False
inter_1.0,800,30,2,100,0.9832356781228624,0.23541450220023613,0.4749517265500174,False,False,False
hete_0.15,800,30,2,100,0.981792051416756,0.18289691848333184,0.3099452077480862,False,False,False
hete_0.3,800,30,2,100,0.9827912366770493,0.21793790650586414,0.24139465795794024,False,False,False
hete_0.5,800,30,2,100,0.978216566431469,0.09643844203135181,0.3787843016515069,False,False,False
noise_0.5,800,30,2,100,0.9929785391144222,0.8867603603791867,0.21112208304752755,False,False,False
noise_1.0,800,30,2,100,0.9821003037245993,0.1931072960176744,0.3516671959852573,False,False,False
noise_2.0,800,30,2,100,0.9756322501710756,0.06047253027753892,0.43086028773532803,False,False,False
rho_0.3,800,30,2,100,0.9789003957763432,0.10909421299048055,0.5264621360523449,False,False,False
rho_0.5,800,30,2,100,0.9754794716089472,0.05882849452002558,0.5757218082361533,False,False,False
rho_0.7,800,30,2,100,0.9882083773054613,0.5236966412441308,0.29252483162035503,False,False,False
s1_0.5,800,30,2,100,0.9930755295431737,0.8925742223360504,0.2595292557435158,False,False,False
s1_1.0,800,30,2,100,0.9869611452143395,0.43501858737265303,0.366679556085046,False,False,False
s1_2.0,800,30,2,100,0.9874390628027284,0.46781127817543644,0.19744669739283438,False,False,False
0_基准,800,30,3,100,0.9914592419220607,0.7808143738695741,0.18206528714493686,False,False,False
inter_0.25,800,30,3,100,0.9917272685431047,0.8011341947846106,0.169757633807734,False,False,False
inter_0.5,800,30,3,100,0.991812564753074,0.8074863725304863,0.18353721394214517,False,False,False
inter_1.0,800,30,3,100,0.9919928711725172,0.8207090036694882,0.17099804202064206,False,False,False
hete_0.15,800,30,3,100,0.9914019539640162,0.7764074562688825,0.16723325232155162,False,False,False
hete_0.3,800,30,3,100,0.9914071194381927,0.7768056575649336,0.1669816763894829,False,False,False
hete_0.5,800,30,3,100,0.9919939846848034,0.8207897472761774,0.14858398512400584,False,False,False
noise_0.5,800,30,3,100,0.992096224875776,0.8281528250258466,0.1411287956081253,False,False,False
noise_1.0,800,30,3,100,0.9919409662098143,0.8169324535886038,0.14648606936816577,False,False,False
noise_2.0,800,30,3,100,0.9920248182012074,0.8230209100281471,0.1444905693777514,False,False,False
rho_0.3,800,30,3,100,0.9921070223242461,0.8289244550068369,0.13917370763431336,False,False,False
rho_0.5,800,30,3,100,0.992286495632054,0.8415740337666189,0.13118345552192068,False,False,False
rho_0.7,800,30,3,100,0.9910935510752767,0.7523613663466364,0.1645500301995213,False,False,False
s1_0.5,800,30,3,100,0.9911257125447566,0.754891749069484,0.16389080774627018,False,False,False
s1_1.0,800,30,3,100,0.9912286954692126,0.7629606281491502,0.1502355781106388,False,False,False
s1_2.0,800,30,3,100,0.9919207180192229,0.8154525255503293,0.14575286847171753,False,False,False
