config_name,n_samples,d_dim,dgp_num,n_runs,nonlinearity,interaction,sparse_k,skewness,heterogeneous,true_effect,noise_std,bias,rmse,variance,coverage_rate,rejection_rate,mean_estimate,rho,s1,a0,a1,b0,b1
0_基准,100,3,2,100,0.0,0.0,0,0.3,0.0,1.0,1.0,-0.0343794202383733,0.1310613819520158,0.0159951413032455,0.86,1.0,0.9656205797616266,0.7,1.0,1.0,0.25,1.0,0.25
inter_0.25,100,3,2,100,0.0,0.25,0,0.3,0.0,1.0,1.0,-0.0329992011296306,0.1441921763339619,0.0197024364407305,0.86,1.0,0.9670007988703694,0.7,1.0,1.0,0.25,1.0,0.25
inter_0.5,100,3,2,100,0.0,0.5,0,0.3,0.0,1.0,1.0,-0.0316668204594481,0.1754714153441394,0.0297874300848645,0.86,1.0,0.968333179540552,0.7,1.0,1.0,0.25,1.0,0.25
inter_1.0,100,3,2,100,0.0,1.0,0,0.3,0.0,1.0,1.0,-0.0211234075511527,0.2556026104923811,0.0648864961439478,0.86,0.96,0.9788765924488472,0.7,1.0,1.0,0.25,1.0,0.25
hete_0.15,100,3,2,100,0.0,0.0,0,0.3,0.15,1.0,1.0,-0.0297373277824232,0.1301092634438698,0.016044111770267,0.87,1.0,0.9702626722175768,0.7,1.0,1.0,0.25,1.0,0.25
hete_0.3,100,3,2,100,0.0,0.0,0,0.3,0.3,1.0,1.0,-0.0299676864334673,0.1445402622008594,0.0199938251669185,0.87,1.0,0.9700323135665326,0.7,1.0,1.0,0.25,1.0,0.25
hete_0.5,100,3,2,100,0.0,0.0,0,0.3,0.5,1.0,1.0,-0.0271415416519721,0.1704114316911745,0.0283033927677901,0.87,1.0,0.972858458348028,0.7,1.0,1.0,0.25,1.0,0.25
noise_0.5,100,3,2,100,0.0,0.0,0,0.3,0.0,1.0,0.5,-0.010911664980749,0.0665026668480459,0.00430354026525,0.9,1.0,0.989088335019251,0.7,1.0,1.0,0.25,1.0,0.25
noise_1.0,100,3,2,100,0.0,0.0,0,0.3,0.0,1.0,1.0,-0.0323548656537091,0.1267658063022251,0.0150227323159836,0.88,1.0,0.9676451343462908,0.7,1.0,1.0,0.25,1.0,0.25
noise_2.0,100,3,2,100,0.0,0.0,0,0.3,0.0,1.0,2.0,-0.0641983181448434,0.2492719206478212,0.0580150663708271,0.88,0.99,0.9358016818551566,0.7,1.0,1.0,0.25,1.0,0.25
rho_0.3,100,3,2,100,0.0,0.0,0,0.3,0.0,1.0,1.0,-0.0307711915324823,0.1317628073756785,0.0164145711791914,0.83,1.0,0.9692288084675176,0.3,1.0,1.0,0.25,1.0,0.25
rho_0.5,100,3,2,100,0.0,0.0,0,0.3,0.0,1.0,1.0,-0.0318689326449592,0.1244613643729973,0.014475002353659,0.87,1.0,0.9681310673550408,0.5,1.0,1.0,0.25,1.0,0.25
rho_0.7,100,3,2,100,0.0,0.0,0,0.3,0.0,1.0,1.0,-0.0344099763990761,0.1284688046112925,0.0153201872824694,0.87,1.0,0.9655900236009238,0.7,1.0,1.0,0.25,1.0,0.25
s1_0.5,100,3,2,100,0.0,0.0,0,0.3,0.0,1.0,1.0,-0.0543059247898388,0.2463327986748867,0.0577307142357226,0.86,0.99,0.9456940752101612,0.7,0.5,1.0,0.25,1.0,0.25
s1_1.0,100,3,2,100,0.0,0.0,0,0.3,0.0,1.0,1.0,-0.0347002005624426,0.1282785704247745,0.01525128771115,0.87,1.0,0.9652997994375574,0.7,1.0,1.0,0.25,1.0,0.25
s1_2.0,100,3,2,100,0.0,0.0,0,0.3,0.0,1.0,1.0,-0.0159132489948763,0.0663614877943798,0.0041506155687106,0.88,1.0,0.9840867510051236,0.7,2.0,1.0,0.25,1.0,0.25
0_基准,100,3,3,100,0.0,0.0,0,0.3,0.0,1.0,1.0,-0.0256516089911228,0.1280136698063635,0.0157294946134592,0.88,1.0,0.9743483910088772,0.7,1.0,1.0,0.25,1.0,0.25
inter_0.25,100,3,3,100,0.0,0.25,0,0.3,0.0,1.0,1.0,-0.0258811750198197,0.1280995755919323,0.0157396660464266,0.88,1.0,0.9741188249801802,0.7,1.0,1.0,0.25,1.0,0.25
inter_0.5,100,3,3,100,0.0,0.5,0,0.3,0.0,1.0,1.0,-0.0268114263048346,0.1281590466163546,0.0157058886491133,0.88,1.0,0.9731885736951652,0.7,1.0,1.0,0.25,1.0,0.25
inter_1.0,100,3,3,100,0.0,1.0,0,0.3,0.0,1.0,1.0,-0.026097667498516,0.1282662266672188,0.0157711366545832,0.88,1.0,0.973902332501484,0.7,1.0,1.0,0.25,1.0,0.25
hete_0.15,100,3,3,100,0.0,0.0,0,0.3,0.15,1.0,1.0,-0.0287843635280725,0.1281376412873754,0.0155907155309758,0.88,1.0,0.9712156364719274,0.7,1.0,1.0,0.25,1.0,0.25
hete_0.3,100,3,3,100,0.0,0.0,0,0.3,0.3,1.0,1.0,-0.0273344188705421,0.1271411661579912,0.0154177056770236,0.89,1.0,0.972665581129458,0.7,1.0,1.0,0.25,1.0,0.25
hete_0.5,100,3,3,100,0.0,0.0,0,0.3,0.5,1.0,1.0,-0.0256437057233172,0.126788109511017,0.0154176250701535,0.89,1.0,0.9743562942766828,0.7,1.0,1.0,0.25,1.0,0.25
noise_0.5,100,3,3,100,0.0,0.0,0,0.3,0.0,1.0,0.5,-0.0246629002105605,0.1259520129658018,0.0152556509233414,0.89,1.0,0.9753370997894396,0.7,1.0,1.0,0.25,1.0,0.25
noise_1.0,100,3,3,100,0.0,0.0,0,0.3,0.0,1.0,1.0,-0.0223160893884086,0.125991472810198,0.0153758433752914,0.89,1.0,0.9776839106115912,0.7,1.0,1.0,0.25,1.0,0.25
noise_2.0,100,3,3,100,0.0,0.0,0,0.3,0.0,1.0,2.0,-0.0229445311519518,0.1264184372613606,0.0154551697698217,0.89,1.0,0.9770554688480482,0.7,1.0,1.0,0.25,1.0,0.25
rho_0.3,100,3,3,100,0.0,0.0,0,0.3,0.0,1.0,1.0,-0.0264618776655425,0.1282945969556759,0.0157592726384332,0.88,1.0,0.9735381223344576,0.3,1.0,1.0,0.25,1.0,0.25
rho_0.5,100,3,3,100,0.0,0.0,0,0.3,0.0,1.0,1.0,-0.0273630821138539,0.1286822252566062,0.0158103768342224,0.88,1.0,0.972636917886146,0.5,1.0,1.0,0.25,1.0,0.25
rho_0.7,100,3,3,100,0.0,0.0,0,0.3,0.0,1.0,1.0,-0.0283911153467461,0.127937865742223,0.0155620420600428,0.88,1.0,0.971608884653254,0.7,1.0,1.0,0.25,1.0,0.25
s1_0.5,100,3,3,100,0.0,0.0,0,0.3,0.0,1.0,1.0,-0.028976846434507,0.1280267693917796,0.0155511960516069,0.88,1.0,0.971023153565493,0.7,0.5,1.0,0.25,1.0,0.25
s1_1.0,100,3,3,100,0.0,0.0,0,0.3,0.0,1.0,1.0,-0.0315461646181809,0.1308450770352364,0.0161252736822395,0.87,1.0,0.9684538353818192,0.7,1.0,1.0,0.25,1.0,0.25
s1_2.0,100,3,3,100,0.0,0.0,0,0.3,0.0,1.0,1.0,-0.0323401795497081,0.1309016838672514,0.0160893636259744,0.87,1.0,0.967659820450292,0.7,2.0,1.0,0.25,1.0,0.25
0_基准,100,5,2,100,0.0,0.0,0,0.3,0.0,1.0,1.0,-0.0169997602505347,0.1160186762963016,0.0131713414009703,0.91,1.0,0.9830002397494652,0.7,1.0,1.0,0.25,1.0,0.25
inter_0.25,100,5,2,100,0.0,0.25,0,0.3,0.0,1.0,1.0,-0.0165007869654519,0.120500139102444,0.0142480075532291,0.92,1.0,0.983499213034548,0.7,1.0,1.0,0.25,1.0,0.25
inter_0.5,100,5,2,100,0.0,0.5,0,0.3,0.0,1.0,1.0,-0.0120511908736246,0.145410805863401,0.0209990712603711,0.89,1.0,0.9879488091263754,0.7,1.0,1.0,0.25,1.0,0.25
inter_1.0,100,5,2,100,0.0,1.0,0,0.3,0.0,1.0,1.0,-0.0026342170514318,0.2285907582935493,0.0522467956777458,0.9,0.98,0.997365782948568,0.7,1.0,1.0,0.25,1.0,0.25
hete_0.15,100,5,2,100,0.0,0.0,0,0.3,0.15,1.0,1.0,-0.0152860740581686,0.1145290811426604,0.0128832463672702,0.92,1.0,0.9847139259418314,0.7,1.0,1.0,0.25,1.0,0.25
hete_0.3,100,5,2,100,0.0,0.0,0,0.3,0.3,1.0,1.0,-0.0139097188010928,0.1253328887552213,0.0155148527266032,0.89,1.0,0.9860902811989072,0.7,1.0,1.0,0.25,1.0,0.25
hete_0.5,100,5,2,100,0.0,0.0,0,0.3,0.5,1.0,1.0,-0.0092998954590076,0.1477248878496045,0.0217361544346297,0.89,1.0,0.9907001045409924,0.7,1.0,1.0,0.25,1.0,0.25
noise_0.5,100,5,2,100,0.0,0.0,0,0.3,0.0,1.0,0.5,-0.0062738441085926,0.0618625099741192,0.003787609020399,0.93,1.0,0.9937261558914072,0.7,1.0,1.0,0.25,1.0,0.25
noise_1.0,100,5,2,100,0.0,0.0,0,0.3,0.0,1.0,1.0,-0.0149650350171729,0.1127035786718278,0.0124781443723716,0.92,1.0,0.985034964982827,0.7,1.0,1.0,0.25,1.0,0.25
noise_2.0,100,5,2,100,0.0,0.0,0,0.3,0.0,1.0,2.0,-0.0186398932937827,0.2182950799640661,0.0473052963145144,0.9,1.0,0.9813601067062172,0.7,1.0,1.0,0.25,1.0,0.25
rho_0.3,100,5,2,100,0.0,0.0,0,0.3,0.0,1.0,1.0,-0.0175147317513103,0.1120900834914987,0.0122574209888108,0.89,1.0,0.9824852682486896,0.3,1.0,1.0,0.25,1.0,0.25
rho_0.5,100,5,2,100,0.0,0.0,0,0.3,0.0,1.0,1.0,-0.0156748409824513,0.1144664771483878,0.0128568737509372,0.91,1.0,0.9843251590175488,0.5,1.0,1.0,0.25,1.0,0.25
rho_0.7,100,5,2,100,0.0,0.0,0,0.3,0.0,1.0,1.0,-0.0156655490062215,0.1146389799147964,0.0128966862902387,0.91,1.0,0.9843344509937784,0.7,1.0,1.0,0.25,1.0,0.25
s1_0.5,100,5,2,100,0.0,0.0,0,0.3,0.0,1.0,1.0,-0.0361773698724996,0.2198159192946092,0.0470102362844425,0.93,1.0,0.9638226301275004,0.7,0.5,1.0,0.25,1.0,0.25
s1_1.0,100,5,2,100,0.0,0.0,0,0.3,0.0,1.0,1.0,-0.0186266972689326,0.116126223233173,0.0131383458712522,0.91,1.0,0.9813733027310674,0.7,1.0,1.0,0.25,1.0,0.25
s1_2.0,100,5,2,100,0.0,0.0,0,0.3,0.0,1.0,1.0,-0.0061972221843484,0.0587118713764743,0.0034086782777254,0.93,1.0,0.9938027778156516,0.7,2.0,1.0,0.25,1.0,0.25
0_基准,100,5,3,100,0.0,0.0,0,0.3,0.0,1.0,1.0,0.0012685436195021,0.1120334571152243,0.0125498863102742,0.87,1.0,1.001268543619502,0.7,1.0,1.0,0.25,1.0,0.25
inter_0.25,100,5,3,100,0.0,0.25,0,0.3,0.0,1.0,1.0,-0.0005170087126891,0.1138203290670789,0.0129548000109291,0.86,1.0,0.9994829912873108,0.7,1.0,1.0,0.25,1.0,0.25
inter_0.5,100,5,3,100,0.0,0.5,0,0.3,0.0,1.0,1.0,-0.0010576240391325,0.1135321121951452,0.0128884219308829,0.86,1.0,0.9989423759608674,0.7,1.0,1.0,0.25,1.0,0.25
inter_1.0,100,5,3,100,0.0,1.0,0,0.3,0.0,1.0,1.0,-0.0022773876899649,0.113715071236817,0.0129259309317039,0.86,1.0,0.997722612310035,0.7,1.0,1.0,0.25,1.0,0.25
hete_0.15,100,5,3,100,0.0,0.0,0,0.3,0.15,1.0,1.0,-0.0030341534921735,0.1133507848890824,0.0128391943475569,0.86,1.0,0.9969658465078264,0.7,1.0,1.0,0.25,1.0,0.25
hete_0.3,100,5,3,100,0.0,0.0,0,0.3,0.3,1.0,1.0,-0.0016360470852739,0.1120707900293367,0.0125571853277344,0.87,1.0,0.998363952914726,0.7,1.0,1.0,0.25,1.0,0.25
hete_0.5,100,5,3,100,0.0,0.0,0,0.3,0.5,1.0,1.0,-0.0035587575561826,0.110178534729456,0.0121266447597862,0.88,1.0,0.9964412424438174,0.7,1.0,1.0,0.25,1.0,0.25
noise_0.5,100,5,3,100,0.0,0.0,0,0.3,0.0,1.0,0.5,-0.0033593625017144,0.1102051436334249,0.0121338883668458,0.88,1.0,0.9966406374982856,0.7,1.0,1.0,0.25,1.0,0.25
noise_1.0,100,5,3,100,0.0,0.0,0,0.3,0.0,1.0,1.0,-0.0011377767186345,0.1114968422044839,0.0124302512857101,0.88,1.0,0.9988622232813654,0.7,1.0,1.0,0.25,1.0,0.25
noise_2.0,100,5,3,100,0.0,0.0,0,0.3,0.0,1.0,2.0,-0.0031199484669117,0.1113173991772485,0.0123818292811507,0.88,1.0,0.9968800515330882,0.7,1.0,1.0,0.25,1.0,0.25
rho_0.3,100,5,3,100,0.0,0.0,0,0.3,0.0,1.0,1.0,-0.0024098008748254,0.1110735515404386,0.0123315267115501,0.88,1.0,0.9975901991251744,0.3,1.0,1.0,0.25,1.0,0.25
rho_0.5,100,5,3,100,0.0,0.0,0,0.3,0.0,1.0,1.0,-0.0021606734243795,0.1108089335676449,0.0122739512487519,0.88,1.0,0.9978393265756204,0.5,1.0,1.0,0.25,1.0,0.25
rho_0.7,100,5,3,100,0.0,0.0,0,0.3,0.0,1.0,1.0,0.0011282009361979,0.1134028318928522,0.012858929443966,0.87,1.0,1.001128200936198,0.7,1.0,1.0,0.25,1.0,0.25
s1_0.5,100,5,3,100,0.0,0.0,0,0.3,0.0,1.0,1.0,0.0003205221512758,0.1129823217963335,0.0127649023040408,0.87,1.0,1.000320522151276,0.7,0.5,1.0,0.25,1.0,0.25
s1_1.0,100,5,3,100,0.0,0.0,0,0.3,0.0,1.0,1.0,-0.0004010976659926,0.1122550175792303,0.0126010280923756,0.87,1.0,0.9995989023340074,0.7,1.0,1.0,0.25,1.0,0.25
s1_2.0,100,5,3,100,0.0,0.0,0,0.3,0.0,1.0,1.0,-0.0019656969837165,0.1106699531568582,0.0122439745671093,0.88,1.0,0.9980343030162836,0.7,2.0,1.0,0.25,1.0,0.25
0_基准,200,3,2,100,0.0,0.0,0,0.3,0.0,1.0,1.0,-0.0244409698915231,0.0852149460679523,0.0066642260241256,0.94,1.0,0.9755590301084768,0.7,1.0,1.0,0.25,1.0,0.25
inter_0.25,200,3,2,100,0.0,0.25,0,0.3,0.0,1.0,1.0,-0.0186552035001521,0.0910619128966416,0.0079442553627634,0.91,1.0,0.9813447964998478,0.7,1.0,1.0,0.25,1.0,0.25
inter_0.5,200,3,2,100,0.0,0.5,0,0.3,0.0,1.0,1.0,-0.0147333977764648,0.1109438324448973,0.0120914609475219,0.9,1.0,0.9852666022235352,0.7,1.0,1.0,0.25,1.0,0.25
inter_1.0,200,3,2,100,0.0,1.0,0,0.3,0.0,1.0,1.0,-0.0030314761494666,0.1686020901757252,0.0284174749639786,0.89,1.0,0.9969685238505334,0.7,1.0,1.0,0.25,1.0,0.25
hete_0.15,200,3,2,100,0.0,0.0,0,0.3,0.15,1.0,1.0,-0.0191784995724187,0.093028294592739,0.0082864487489841,0.91,1.0,0.9808215004275812,0.7,1.0,1.0,0.25,1.0,0.25
hete_0.3,200,3,2,100,0.0,0.0,0,0.3,0.3,1.0,1.0,-0.0182909854088519,0.1011165540131621,0.0098899973482699,0.88,1.0,0.981709014591148,0.7,1.0,1.0,0.25,1.0,0.25
hete_0.5,200,3,2,100,0.0,0.0,0,0.3,0.5,1.0,1.0,-0.015541630716416,0.1169840494062485,0.0134437255301581,0.89,1.0,0.984458369283584,0.7,1.0,1.0,0.25,1.0,0.25
noise_0.5,200,3,2,100,0.0,0.0,0,0.3,0.0,1.0,0.5,-0.0114879799010191,0.0479527322598937,0.0021674908489828,0.88,1.0,0.9885120200989808,0.7,1.0,1.0,0.25,1.0,0.25
noise_1.0,200,3,2,100,0.0,0.0,0,0.3,0.0,1.0,1.0,-0.0227185965401013,0.0920019917280358,0.0079482318531736,0.92,1.0,0.9772814034598988,0.7,1.0,1.0,0.25,1.0,0.25
noise_2.0,200,3,2,100,0.0,0.0,0,0.3,0.0,1.0,2.0,-0.0406570844067468,0.1752143381166136,0.0290470657691856,0.9,1.0,0.9593429155932532,0.7,1.0,1.0,0.25,1.0,0.25
rho_0.3,200,3,2,100,0.0,0.0,0,0.3,0.0,1.0,1.0,-0.0227087371145516,0.092364933660838,0.0080155942288332,0.88,1.0,0.9772912628854484,0.3,1.0,1.0,0.25,1.0,0.25
rho_0.5,200,3,2,100,0.0,0.0,0,0.3,0.0,1.0,1.0,-0.0215930858771364,0.0889698474035793,0.0074493723893188,0.91,1.0,0.9784069141228636,0.5,1.0,1.0,0.25,1.0,0.25
rho_0.7,200,3,2,100,0.0,0.0,0,0.3,0.0,1.0,1.0,-0.0249031218186551,0.0908490799513734,0.0076333898516962,0.92,1.0,0.9750968781813448,0.7,1.0,1.0,0.25,1.0,0.25
s1_0.5,200,3,2,100,0.0,0.0,0,0.3,0.0,1.0,1.0,-0.0441859011459585,0.1724684117648062,0.0277929591965943,0.88,1.0,0.9558140988540414,0.7,0.5,1.0,0.25,1.0,0.25
s1_1.0,200,3,2,100,0.0,0.0,0,0.3,0.0,1.0,1.0,-0.0250392987617842,0.0905970785932111,0.0075808641671425,0.92,1.0,0.9749607012382158,0.7,1.0,1.0,0.25,1.0,0.25
s1_2.0,200,3,2,100,0.0,0.0,0,0.3,0.0,1.0,1.0,-0.0099460863925184,0.0437782407494518,0.0018176097285895,0.91,1.0,0.9900539136074816,0.7,2.0,1.0,0.25,1.0,0.25
0_基准,200,3,3,100,0.0,0.0,0,0.3,0.0,1.0,1.0,-0.0156132640604381,0.0914378455169333,0.0081171055781575,0.85,1.0,0.9843867359395618,0.7,1.0,1.0,0.25,1.0,0.25
inter_0.25,200,3,3,100,0.0,0.25,0,0.3,0.0,1.0,1.0,-0.0135376989315625,0.0896812859937107,0.0078594637651241,0.86,1.0,0.9864623010684376,0.7,1.0,1.0,0.25,1.0,0.25
inter_0.5,200,3,3,100,0.0,0.5,0,0.3,0.0,1.0,1.0,-0.0146107983399046,0.0891730660011395,0.0077383602719142,0.86,1.0,0.9853892016600954,0.7,1.0,1.0,0.25,1.0,0.25
inter_1.0,200,3,3,100,0.0,1.0,0,0.3,0.0,1.0,1.0,-0.0161389414167679,0.0891590508603148,0.0076888709202583,0.86,1.0,0.983861058583232,0.7,1.0,1.0,0.25,1.0,0.25
hete_0.15,200,3,3,100,0.0,0.0,0,0.3,0.15,1.0,1.0,-0.0156478101860468,0.089723448804896,0.0078054433018262,0.86,1.0,0.9843521898139532,0.7,1.0,1.0,0.25,1.0,0.25
hete_0.3,200,3,3,100,0.0,0.0,0,0.3,0.3,1.0,1.0,-0.0154699635760257,0.0896354194716504,0.0077951886508151,0.86,1.0,0.9845300364239744,0.7,1.0,1.0,0.25,1.0,0.25
hete_0.5,200,3,3,100,0.0,0.0,0,0.3,0.5,1.0,1.0,-0.0129866585280246,0.0874737475026869,0.0074830032024403,0.87,1.0,0.9870133414719754,0.7,1.0,1.0,0.25,1.0,0.25
noise_0.5,200,3,3,100,0.0,0.0,0,0.3,0.0,1.0,0.5,-0.014310272530518,0.0882830143366063,0.0075891067204597,0.87,1.0,0.985689727469482,0.7,1.0,1.0,0.25,1.0,0.25
noise_1.0,200,3,3,100,0.0,0.0,0,0.3,0.0,1.0,1.0,-0.0140398662211196,0.0881726892160616,0.0075773052800852,0.87,1.0,0.9859601337788804,0.7,1.0,1.0,0.25,1.0,0.25
noise_2.0,200,3,3,100,0.0,0.0,0,0.3,0.0,1.0,2.0,-0.0153354472815177,0.0884130914673665,0.0075816987994927,0.87,1.0,0.9846645527184824,0.7,1.0,1.0,0.25,1.0,0.25
rho_0.3,200,3,3,100,0.0,0.0,0,0.3,0.0,1.0,1.0,-0.014242459134979,0.0884676121417952,0.0076236707558595,0.87,1.0,0.985757540865021,0.3,1.0,1.0,0.25,1.0,0.25
rho_0.5,200,3,3,100,0.0,0.0,0,0.3,0.0,1.0,1.0,-0.0142007803571481,0.0884485876941734,0.0076214905023419,0.87,1.0,0.985799219642852,0.5,1.0,1.0,0.25,1.0,0.25
rho_0.7,200,3,3,100,0.0,0.0,0,0.3,0.0,1.0,1.0,-0.0138366145813452,0.0887399531152536,0.0076833273758247,0.87,1.0,0.9861633854186548,0.7,1.0,1.0,0.25,1.0,0.25
s1_0.5,200,3,3,100,0.0,0.0,0,0.3,0.0,1.0,1.0,-0.0131875772265337,0.0880110888361606,0.0075720395650207,0.87,1.0,0.9868124227734664,0.7,0.5,1.0,0.25,1.0,0.25
s1_1.0,200,3,3,100,0.0,0.0,0,0.3,0.0,1.0,1.0,-0.011646901877333,0.0867050238894579,0.0073821108443312,0.88,1.0,0.9883530981226668,0.7,1.0,1.0,0.25,1.0,0.25
s1_2.0,200,3,3,100,0.0,0.0,0,0.3,0.0,1.0,1.0,-0.0116578937122615,0.0867075155934922,0.0073822867745893,0.88,1.0,0.9883421062877384,0.7,2.0,1.0,0.25,1.0,0.25
0_基准,200,5,2,100,0.0,0.0,0,0.3,0.0,1.0,1.0,-0.0158711477830919,0.088115199438519,0.0075123950401372,0.89,1.0,0.984128852216908,0.7,1.0,1.0,0.25,1.0,0.25
inter_0.25,200,5,2,100,0.0,0.25,0,0.3,0.0,1.0,1.0,-0.0161055045323845,0.1012712761358319,0.0099964840939372,0.85,1.0,0.9838944954676154,0.7,1.0,1.0,0.25,1.0,0.25
inter_0.5,200,5,2,100,0.0,0.5,0,0.3,0.0,1.0,1.0,-0.0143376882846459,0.1248029837012113,0.0153702154353771,0.87,1.0,0.985662311715354,0.7,1.0,1.0,0.25,1.0,0.25
inter_1.0,200,5,2,100,0.0,1.0,0,0.3,0.0,1.0,1.0,-0.0016163633081689,0.1813059335969689,0.0328692289271245,0.89,1.0,0.9983836366918312,0.7,1.0,1.0,0.25,1.0,0.25
hete_0.15,200,5,2,100,0.0,0.0,0,0.3,0.15,1.0,1.0,-0.0146326361084484,0.0930609188740403,0.0084462205821984,0.83,1.0,0.9853673638915516,0.7,1.0,1.0,0.25,1.0,0.25
hete_0.3,200,5,2,100,0.0,0.0,0,0.3,0.3,1.0,1.0,-0.0177137191070605,0.1045332501676835,0.0106134245460156,0.85,1.0,0.9822862808929396,0.7,1.0,1.0,0.25,1.0,0.25
hete_0.5,200,5,2,100,0.0,0.0,0,0.3,0.5,1.0,1.0,-0.015365258580383,0.123695772189873,0.0150645528864069,0.87,1.0,0.9846347414196168,0.7,1.0,1.0,0.25,1.0,0.25
noise_0.5,200,5,2,100,0.0,0.0,0,0.3,0.0,1.0,0.5,-0.0074662535907351,0.0450936811301349,0.0019776951351851,0.88,1.0,0.9925337464092648,0.7,1.0,1.0,0.25,1.0,0.25
noise_1.0,200,5,2,100,0.0,0.0,0,0.3,0.0,1.0,1.0,-0.0163238476485705,0.0882344162974518,0.0075188442172982,0.89,1.0,0.9836761523514296,0.7,1.0,1.0,0.25,1.0,0.25
noise_2.0,200,5,2,100,0.0,0.0,0,0.3,0.0,1.0,2.0,-0.0311472182980361,0.1733526719470796,0.0290809996634862,0.86,1.0,0.968852781701964,0.7,1.0,1.0,0.25,1.0,0.25
rho_0.3,200,5,2,100,0.0,0.0,0,0.3,0.0,1.0,1.0,-0.0072851093083987,0.082456325653,0.0067459728225582,0.91,1.0,0.9927148906916012,0.3,1.0,1.0,0.25,1.0,0.25
rho_0.5,200,5,2,100,0.0,0.0,0,0.3,0.0,1.0,1.0,-0.008060816353125,0.082606878162002,0.006758919559393,0.88,1.0,0.991939183646875,0.5,1.0,1.0,0.25,1.0,0.25
rho_0.7,200,5,2,100,0.0,0.0,0,0.3,0.0,1.0,1.0,-0.0148358984610362,0.0839595102197078,0.006829095473187,0.91,1.0,0.9851641015389636,0.7,1.0,1.0,0.25,1.0,0.25
s1_0.5,200,5,2,100,0.0,0.0,0,0.3,0.0,1.0,1.0,-0.0304743486671489,0.1666644748070986,0.026848361236039,0.88,1.0,0.9695256513328512,0.7,0.5,1.0,0.25,1.0,0.25
s1_1.0,200,5,2,100,0.0,0.0,0,0.3,0.0,1.0,1.0,-0.0157913960222111,0.0839881722446958,0.0068046448886743,0.91,1.0,0.9842086039777888,0.7,1.0,1.0,0.25,1.0,0.25
s1_2.0,200,5,2,100,0.0,0.0,0,0.3,0.0,1.0,1.0,-0.0072451000020091,0.0413487982464442,0.001657231642386,0.91,1.0,0.9927548999979908,0.7,2.0,1.0,0.25,1.0,0.25
0_基准,200,5,3,100,0.0,0.0,0,0.3,0.0,1.0,1.0,-0.0263029707080137,0.0843569677465534,0.0064242517393264,0.89,1.0,0.9736970292919862,0.7,1.0,1.0,0.25,1.0,0.25
inter_0.25,200,5,3,100,0.0,0.25,0,0.3,0.0,1.0,1.0,-0.0256722742372501,0.0849940643638989,0.006564925312582,0.89,1.0,0.9743277257627498,0.7,1.0,1.0,0.25,1.0,0.25
inter_0.5,200,5,3,100,0.0,0.5,0,0.3,0.0,1.0,1.0,-0.0258891146641885,0.0850625999801464,0.0065653996572869,0.89,1.0,0.9741108853358116,0.7,1.0,1.0,0.25,1.0,0.25
inter_1.0,200,5,3,100,0.0,1.0,0,0.3,0.0,1.0,1.0,-0.0254698323341147,0.0851313966920291,0.0065986423436077,0.89,1.0,0.9745301676658852,0.7,1.0,1.0,0.25,1.0,0.25
hete_0.15,200,5,3,100,0.0,0.0,0,0.3,0.15,1.0,1.0,-0.0261115282277094,0.084918407795893,0.0065293240762031,0.89,1.0,0.9738884717722904,0.7,1.0,1.0,0.25,1.0,0.25
hete_0.3,200,5,3,100,0.0,0.0,0,0.3,0.3,1.0,1.0,-0.0283680358229997,0.0860605684341921,0.0066016759827612,0.89,1.0,0.9716319641770004,0.7,1.0,1.0,0.25,1.0,0.25
hete_0.5,200,5,3,100,0.0,0.0,0,0.3,0.5,1.0,1.0,-0.0271127214780733,0.0847519027631116,0.0064477853560203,0.9,1.0,0.9728872785219268,0.7,1.0,1.0,0.25,1.0,0.25
noise_0.5,200,5,3,100,0.0,0.0,0,0.3,0.0,1.0,0.5,-0.0271452625857849,0.0847606510166684,0.0064475026799182,0.9,1.0,0.972854737414215,0.7,1.0,1.0,0.25,1.0,0.25
noise_1.0,200,5,3,100,0.0,0.0,0,0.3,0.0,1.0,1.0,-0.0259512059158296,0.0824766474063719,0.0061289322789092,0.91,1.0,0.9740487940841704,0.7,1.0,1.0,0.25,1.0,0.25
noise_2.0,200,5,3,100,0.0,0.0,0,0.3,0.0,1.0,2.0,-0.0277117029498721,0.0850285945235104,0.0064619234062615,0.9,1.0,0.972288297050128,0.7,1.0,1.0,0.25,1.0,0.25
rho_0.3,200,5,3,100,0.0,0.0,0,0.3,0.0,1.0,1.0,-0.0265138094660148,0.0841757749088226,0.0063825789891006,0.9,1.0,0.9734861905339852,0.3,1.0,1.0,0.25,1.0,0.25
rho_0.5,200,5,3,100,0.0,0.0,0,0.3,0.0,1.0,1.0,-0.0280615335877161,0.0823644200776298,0.0059964480274297,0.91,1.0,0.971938466412284,0.5,1.0,1.0,0.25,1.0,0.25
rho_0.7,200,5,3,100,0.0,0.0,0,0.3,0.0,1.0,1.0,-0.0295718247407431,0.0833848893463495,0.0060785469528057,0.91,1.0,0.9704281752592568,0.7,1.0,1.0,0.25,1.0,0.25
s1_0.5,200,5,3,100,0.0,0.0,0,0.3,0.0,1.0,1.0,-0.0279543045887415,0.0828462285229232,0.0060820544354322,0.91,1.0,0.9720456954112584,0.7,0.5,1.0,0.25,1.0,0.25
s1_1.0,200,5,3,100,0.0,0.0,0,0.3,0.0,1.0,1.0,-0.0288865468587267,0.0832476755378816,0.006095742893039,0.91,1.0,0.9711134531412732,0.7,1.0,1.0,0.25,1.0,0.25
s1_2.0,200,5,3,100,0.0,0.0,0,0.3,0.0,1.0,1.0,-0.0304675406793283,0.081955010467168,0.0057883527056271,0.92,1.0,0.9695324593206716,0.7,2.0,1.0,0.25,1.0,0.25
0_基准,400,3,2,100,0.0,0.0,0,0.3,0.0,1.0,1.0,-0.0199433798901437,0.0644532344805694,0.0037564810335646,0.85,1.0,0.9800566201098564,0.7,1.0,1.0,0.25,1.0,0.25
inter_0.25,400,3,2,100,0.0,0.25,0,0.3,0.0,1.0,1.0,-0.0189015464083799,0.0721304904777673,0.0048455391999351,0.89,1.0,0.98109845359162,0.7,1.0,1.0,0.25,1.0,0.25
inter_0.5,400,3,2,100,0.0,0.5,0,0.3,0.0,1.0,1.0,-0.015834348180833,0.0837534050648037,0.0067639062776372,0.9,1.0,0.9841656518191668,0.7,1.0,1.0,0.25,1.0,0.25
inter_1.0,400,3,2,100,0.0,1.0,0,0.3,0.0,1.0,1.0,-0.0084846777805351,0.1200369390854352,0.0143368769879609,0.88,1.0,0.9915153222194648,0.7,1.0,1.0,0.25,1.0,0.25
hete_0.15,400,3,2,100,0.0,0.0,0,0.3,0.15,1.0,1.0,-0.0178393988416816,0.0676872880213988,0.0042633248086592,0.89,1.0,0.9821606011583184,0.7,1.0,1.0,0.25,1.0,0.25
hete_0.3,400,3,2,100,0.0,0.0,0,0.3,0.3,1.0,1.0,-0.0177215150236886,0.0737224540310064,0.005120948133619,0.87,1.0,0.9822784849763112,0.7,1.0,1.0,0.25,1.0,0.25
hete_0.5,400,3,2,100,0.0,0.0,0,0.3,0.5,1.0,1.0,-0.0170142923824602,0.0849733602621299,0.0069309858089618,0.89,1.0,0.9829857076175398,0.7,1.0,1.0,0.25,1.0,0.25
noise_0.5,400,3,2,100,0.0,0.0,0,0.3,0.0,1.0,0.5,-0.010448772702403,0.0329081209335584,0.0009737675723912,0.9,1.0,0.9895512272975968,0.7,1.0,1.0,0.25,1.0,0.25
noise_1.0,400,3,2,100,0.0,0.0,0,0.3,0.0,1.0,1.0,-0.0184954126725274,0.0642328791709137,0.0037837824766581,0.85,1.0,0.9815045873274726,0.7,1.0,1.0,0.25,1.0,0.25
noise_2.0,400,3,2,100,0.0,0.0,0,0.3,0.0,1.0,2.0,-0.0317691512099657,0.1273388633556319,0.0152059071521026,0.88,1.0,0.9682308487900344,0.7,1.0,1.0,0.25,1.0,0.25
rho_0.3,400,3,2,100,0.0,0.0,0,0.3,0.0,1.0,1.0,-0.0212402189280663,0.0642201479782264,0.0036730805062331,0.88,1.0,0.9787597810719336,0.3,1.0,1.0,0.25,1.0,0.25
rho_0.5,400,3,2,100,0.0,0.0,0,0.3,0.0,1.0,1.0,-0.0208189784095773,0.0643905977021132,0.0037127192104169,0.88,1.0,0.9791810215904226,0.5,1.0,1.0,0.25,1.0,0.25
rho_0.7,400,3,2,100,0.0,0.0,0,0.3,0.0,1.0,1.0,-0.0200838126252436,0.0666562865399297,0.0040397010057273,0.84,1.0,0.9799161873747564,0.7,1.0,1.0,0.25,1.0,0.25
s1_0.5,400,3,2,100,0.0,0.0,0,0.3,0.0,1.0,1.0,-0.03760490893815,0.127348826149773,0.0148035943454785,0.87,1.0,0.96239509106185,0.7,0.5,1.0,0.25,1.0,0.25
s1_1.0,400,3,2,100,0.0,0.0,0,0.3,0.0,1.0,1.0,-0.0223447899952635,0.067669093160834,0.0040798165292772,0.83,1.0,0.9776552100047364,0.7,1.0,1.0,0.25,1.0,0.25
s1_2.0,400,3,2,100,0.0,0.0,0,0.3,0.0,1.0,1.0,-0.0122576675027594,0.0341816856346647,0.0010181372202188,0.85,1.0,0.9877423324972404,0.7,2.0,1.0,0.25,1.0,0.25
0_基准,400,3,3,100,0.0,0.0,0,0.3,0.0,1.0,1.0,-0.016394543234954,0.0625746014160468,0.0036467996944943,0.89,1.0,0.983605456765046,0.7,1.0,1.0,0.25,1.0,0.25
inter_0.25,400,3,3,100,0.0,0.25,0,0.3,0.0,1.0,1.0,-0.0180217391126923,0.061375250507442,0.0034421382942053,0.9,1.0,0.9819782608873076,0.7,1.0,1.0,0.25,1.0,0.25
inter_0.5,400,3,3,100,0.0,0.5,0,0.3,0.0,1.0,1.0,-0.0185811342357617,0.0604353246139641,0.0033071699117078,0.91,1.0,0.9814188657642382,0.7,1.0,1.0,0.25,1.0,0.25
inter_1.0,400,3,3,100,0.0,1.0,0,0.3,0.0,1.0,1.0,-0.0161927601503077,0.0578102499112639,0.0030798195135173,0.92,1.0,0.9838072398496922,0.7,1.0,1.0,0.25,1.0,0.25
hete_0.15,400,3,3,100,0.0,0.0,0,0.3,0.15,1.0,1.0,-0.0161154103865814,0.0577521542105069,0.0030756048640262,0.92,1.0,0.9838845896134184,0.7,1.0,1.0,0.25,1.0,0.25
hete_0.3,400,3,3,100,0.0,0.0,0,0.3,0.3,1.0,1.0,-0.0153465807616887,0.0573897461425178,0.0030580654212276,0.92,1.0,0.9846534192383112,0.7,1.0,1.0,0.25,1.0,0.25
hete_0.5,400,3,3,100,0.0,0.0,0,0.3,0.5,1.0,1.0,-0.0163373766339229,0.057098596408132,0.0029933398365,0.92,1.0,0.983662623366077,0.7,1.0,1.0,0.25,1.0,0.25
noise_0.5,400,3,3,100,0.0,0.0,0,0.3,0.0,1.0,0.5,-0.0175663564964447,0.0578421746100425,0.0030371402830584,0.92,1.0,0.9824336435035552,0.7,1.0,1.0,0.25,1.0,0.25
noise_1.0,400,3,3,100,0.0,0.0,0,0.3,0.0,1.0,1.0,-0.0169440935677331,0.057550199877032,0.0030249231990542,0.92,1.0,0.9830559064322668,0.7,1.0,1.0,0.25,1.0,0.25
noise_2.0,400,3,3,100,0.0,0.0,0,0.3,0.0,1.0,2.0,-0.0162453165658118,0.0573588458165806,0.0030261268830868,0.92,1.0,0.983754683434188,0.7,1.0,1.0,0.25,1.0,0.25
rho_0.3,400,3,3,100,0.0,0.0,0,0.3,0.0,1.0,1.0,-0.0171486423634655,0.0576553355921536,0.0030300617873338,0.92,1.0,0.9828513576365344,0.3,1.0,1.0,0.25,1.0,0.25
rho_0.5,400,3,3,100,0.0,0.0,0,0.3,0.0,1.0,1.0,-0.01616324709102,0.0582954725932505,0.003137111568345,0.92,1.0,0.98383675290898,0.5,1.0,1.0,0.25,1.0,0.25
rho_0.7,400,3,3,100,0.0,0.0,0,0.3,0.0,1.0,1.0,-0.0170562717916396,0.0592617747488154,0.003221041538949,0.91,1.0,0.9829437282083604,0.7,1.0,1.0,0.25,1.0,0.25
s1_0.5,400,3,3,100,0.0,0.0,0,0.3,0.0,1.0,1.0,-0.0171986381242534,0.0593056519596195,0.0032213672010264,0.91,1.0,0.9828013618757464,0.7,0.5,1.0,0.25,1.0,0.25
s1_1.0,400,3,3,100,0.0,0.0,0,0.3,0.0,1.0,1.0,-0.017143100063943,0.0594054954966918,0.0032351270154051,0.91,1.0,0.982856899936057,0.7,1.0,1.0,0.25,1.0,0.25
s1_2.0,400,3,3,100,0.0,0.0,0,0.3,0.0,1.0,1.0,-0.0180401065259572,0.0599329629007526,0.0032665145985951,0.91,1.0,0.9819598934740428,0.7,2.0,1.0,0.25,1.0,0.25
0_基准,400,5,2,100,0.0,0.0,0,0.3,0.0,1.0,1.0,-0.0082763685166485,0.0543437567932066,0.0028847456265758,0.92,1.0,0.9917236314833514,0.7,1.0,1.0,0.25,1.0,0.25
inter_0.25,400,5,2,100,0.0,0.25,0,0.3,0.0,1.0,1.0,-0.0049692340193918,0.0590243882901471,0.0034591851262865,0.95,1.0,0.995030765980608,0.7,1.0,1.0,0.25,1.0,0.25
inter_0.5,400,5,2,100,0.0,0.5,0,0.3,0.0,1.0,1.0,-0.0012997598054651,0.0776425653833945,0.0060266785837627,0.89,1.0,0.9987002401945348,0.7,1.0,1.0,0.25,1.0,0.25
inter_1.0,400,5,2,100,0.0,1.0,0,0.3,0.0,1.0,1.0,0.012868469575666,0.1236687251579502,0.0151283560729727,0.89,1.0,1.012868469575666,0.7,1.0,1.0,0.25,1.0,0.25
hete_0.15,400,5,2,100,0.0,0.0,0,0.3,0.15,1.0,1.0,-0.0083957131245492,0.0566686031618241,0.0031408425854425,0.93,1.0,0.9916042868754508,0.7,1.0,1.0,0.25,1.0,0.25
hete_0.3,400,5,2,100,0.0,0.0,0,0.3,0.3,1.0,1.0,-0.0072575728221927,0.0651416091094852,0.0041907568741035,0.94,1.0,0.9927424271778073,0.7,1.0,1.0,0.25,1.0,0.25
hete_0.5,400,5,2,100,0.0,0.0,0,0.3,0.5,1.0,1.0,-0.0045484630184191,0.0793601008361637,0.0062773370888961,0.88,1.0,0.9954515369815808,0.7,1.0,1.0,0.25,1.0,0.25
noise_0.5,400,5,2,100,0.0,0.0,0,0.3,0.0,1.0,0.5,-0.0066577171090176,0.0290891547695206,0.0008018537281014,0.91,1.0,0.9933422828909824,0.7,1.0,1.0,0.25,1.0,0.25
noise_1.0,400,5,2,100,0.0,0.0,0,0.3,0.0,1.0,1.0,-0.0120780367789515,0.0549177970360356,0.0028700854588575,0.92,1.0,0.9879219632210484,0.7,1.0,1.0,0.25,1.0,0.25
noise_2.0,400,5,2,100,0.0,0.0,0,0.3,0.0,1.0,2.0,-0.0150641960857043,0.1057220293981227,0.0109502174963489,0.93,1.0,0.9849358039142956,0.7,1.0,1.0,0.25,1.0,0.25
rho_0.3,400,5,2,100,0.0,0.0,0,0.3,0.0,1.0,1.0,-0.0144498397315107,0.0556953091458327,0.0028931695925835,0.92,1.0,0.9855501602684892,0.3,1.0,1.0,0.25,1.0,0.25
rho_0.5,400,5,2,100,0.0,0.0,0,0.3,0.0,1.0,1.0,-0.010435898857247,0.0589699169536673,0.0033685431205637,0.92,1.0,0.989564101142753,0.5,1.0,1.0,0.25,1.0,0.25
rho_0.7,400,5,2,100,0.0,0.0,0,0.3,0.0,1.0,1.0,-0.0115405857019343,0.0552725378832921,0.0029218683257162,0.93,1.0,0.9884594142980656,0.7,1.0,1.0,0.25,1.0,0.25
s1_0.5,400,5,2,100,0.0,0.0,0,0.3,0.0,1.0,1.0,-0.0178188593152817,0.1058246454914921,0.0108813438461021,0.91,1.0,0.9821811406847184,0.7,0.5,1.0,0.25,1.0,0.25
s1_1.0,400,5,2,100,0.0,0.0,0,0.3,0.0,1.0,1.0,-0.0109219797778747,0.0547662080262601,0.0028800478993072,0.94,1.0,0.9890780202221252,0.7,1.0,1.0,0.25,1.0,0.25
s1_2.0,400,5,2,100,0.0,0.0,0,0.3,0.0,1.0,1.0,-0.0062848759511423,0.0298926020051509,0.0008540679889171,0.94,1.0,0.9937151240488576,0.7,2.0,1.0,0.25,1.0,0.25
0_基准,400,5,3,100,0.0,0.0,0,0.3,0.0,1.0,1.0,-0.0180620633374922,0.068665137324488,0.0043886629517832,0.88,1.0,0.9819379366625076,0.7,1.0,1.0,0.25,1.0,0.25
inter_0.25,400,5,3,100,0.0,0.25,0,0.3,0.0,1.0,1.0,-0.0177933465310985,0.068723841002237,0.0044063631413249,0.88,1.0,0.9822066534689016,0.7,1.0,1.0,0.25,1.0,0.25
inter_0.5,400,5,3,100,0.0,0.5,0,0.3,0.0,1.0,1.0,-0.0175090941128717,0.06859194912144,0.0043982871076248,0.88,1.0,0.9824909058871284,0.7,1.0,1.0,0.25,1.0,0.25
inter_1.0,400,5,3,100,0.0,1.0,0,0.3,0.0,1.0,1.0,-0.0167356632133324,0.0683623209746678,0.0043933245058534,0.88,1.0,0.9832643367866676,0.7,1.0,1.0,0.25,1.0,0.25
hete_0.15,400,5,3,100,0.0,0.0,0,0.3,0.15,1.0,1.0,-0.0174117845366583,0.068124380135935,0.0043377609281543,0.88,1.0,0.9825882154633416,0.7,1.0,1.0,0.25,1.0,0.25
hete_0.3,400,5,3,100,0.0,0.0,0,0.3,0.3,1.0,1.0,-0.0179999228319946,0.0686011631836122,0.0043821223681868,0.88,1.0,0.9820000771680052,0.7,1.0,1.0,0.25,1.0,0.25
hete_0.5,400,5,3,100,0.0,0.0,0,0.3,0.5,1.0,1.0,-0.0182263978771445,0.068749167489866,0.0043942464509736,0.88,1.0,0.9817736021228556,0.7,1.0,1.0,0.25,1.0,0.25
noise_0.5,400,5,3,100,0.0,0.0,0,0.3,0.0,1.0,0.5,-0.0195774187791056,0.0687811061200999,0.0043475652330519,0.88,1.0,0.9804225812208944,0.7,1.0,1.0,0.25,1.0,0.25
noise_1.0,400,5,3,100,0.0,0.0,0,0.3,0.0,1.0,1.0,-0.0183778447980632,0.0682697697436568,0.0043230162814302,0.88,1.0,0.9816221552019369,0.7,1.0,1.0,0.25,1.0,0.25
noise_2.0,400,5,3,100,0.0,0.0,0,0.3,0.0,1.0,2.0,-0.0205490093686315,0.0686811211924711,0.0042948346222227,0.87,1.0,0.9794509906313684,0.7,1.0,1.0,0.25,1.0,0.25
rho_0.3,400,5,3,100,0.0,0.0,0,0.3,0.0,1.0,1.0,-0.0199855066283285,0.0680833961738136,0.0042359283593694,0.87,1.0,0.9800144933716716,0.3,1.0,1.0,0.25,1.0,0.25
rho_0.5,400,5,3,100,0.0,0.0,0,0.3,0.0,1.0,1.0,-0.0211969599571698,0.0673750146067623,0.0040900814818355,0.87,1.0,0.97880304004283,0.5,1.0,1.0,0.25,1.0,0.25
rho_0.7,400,5,3,100,0.0,0.0,0,0.3,0.0,1.0,1.0,-0.0216784281267209,0.0676194947790237,0.004102441828125,0.87,1.0,0.9783215718732792,0.7,1.0,1.0,0.25,1.0,0.25
s1_0.5,400,5,3,100,0.0,0.0,0,0.3,0.0,1.0,1.0,-0.0216059431420038,0.0675801835571505,0.0041002644305626,0.87,1.0,0.9783940568579962,0.7,0.5,1.0,0.25,1.0,0.25
s1_1.0,400,5,3,100,0.0,0.0,0,0.3,0.0,1.0,1.0,-0.0205186448844426,0.0689761511857764,0.0043366946445092,0.86,1.0,0.9794813551155572,0.7,1.0,1.0,0.25,1.0,0.25
s1_2.0,400,5,3,100,0.0,0.0,0,0.3,0.0,1.0,1.0,-0.0195104079249844,0.0677403851021918,0.0042081037563939,0.87,1.0,0.9804895920750156,0.7,2.0,1.0,0.25,1.0,0.25
0_基准,50,3,2,100,0.0,0.0,0,0.3,0.0,1.0,1.0,-0.0428731752351638,0.2025826406979514,0.0392016171574102,0.88,1.0,0.957126824764836,0.7,1.0,1.0,0.25,1.0,0.25
inter_0.25,50,3,2,100,0.0,0.25,0,0.3,0.0,1.0,1.0,-0.0406214224653774,0.2168857589384582,0.0453893324672003,0.84,0.99,0.9593785775346224,0.7,1.0,1.0,0.25,1.0,0.25
inter_0.5,50,3,2,100,0.0,0.5,0,0.3,0.0,1.0,1.0,-0.0388795844878405,0.2520304229233328,0.0620077119889668,0.85,0.98,0.9611204155121594,0.7,1.0,1.0,0.25,1.0,0.25
inter_1.0,50,3,2,100,0.0,1.0,0,0.3,0.0,1.0,1.0,-0.035388269600201,0.3604098288779158,0.128642915126512,0.84,0.9,0.964611730399799,0.7,1.0,1.0,0.25,1.0,0.25
hete_0.15,50,3,2,100,0.0,0.0,0,0.3,0.15,1.0,1.0,-0.0419909626480016,0.2087941835467069,0.04183177013883,0.82,0.99,0.9580090373519984,0.7,1.0,1.0,0.25,1.0,0.25
hete_0.3,50,3,2,100,0.0,0.0,0,0.3,0.3,1.0,1.0,-0.0351201524629206,0.2156285452535861,0.045262244419159,0.85,1.0,0.9648798475370792,0.7,1.0,1.0,0.25,1.0,0.25
hete_0.5,50,3,2,100,0.0,0.0,0,0.3,0.5,1.0,1.0,-0.038531761200374,0.2405149667438568,0.0563627526065959,0.86,0.99,0.961468238799626,0.7,1.0,1.0,0.25,1.0,0.25
noise_0.5,50,3,2,100,0.0,0.0,0,0.3,0.0,1.0,0.5,-0.014528577612745,0.0981238941633939,0.0094172190383393,0.85,1.0,0.9854714223872548,0.7,1.0,1.0,0.25,1.0,0.25
noise_1.0,50,3,2,100,0.0,0.0,0,0.3,0.0,1.0,1.0,-0.0450730168444046,0.1911305339353365,0.0344993041549508,0.89,1.0,0.9549269831555952,0.7,1.0,1.0,0.25,1.0,0.25
noise_2.0,50,3,2,100,0.0,0.0,0,0.3,0.0,1.0,2.0,-0.0952393311392348,0.3775908151133292,0.1335042934620995,0.86,0.78,0.9047606688607652,0.7,1.0,1.0,0.25,1.0,0.25
rho_0.3,50,3,2,100,0.0,0.0,0,0.3,0.0,1.0,1.0,-0.0440092421711797,0.1979012906678308,0.0372281074515117,0.83,1.0,0.9559907578288204,0.3,1.0,1.0,0.25,1.0,0.25
rho_0.5,50,3,2,100,0.0,0.0,0,0.3,0.0,1.0,1.0,-0.0427003478078445,0.1979870033269573,0.0373755337834777,0.83,1.0,0.9572996521921554,0.5,1.0,1.0,0.25,1.0,0.25
rho_0.7,50,3,2,100,0.0,0.0,0,0.3,0.0,1.0,1.0,-0.0446386860219639,0.190599243150988,0.034335459199962,0.9,1.0,0.955361313978036,0.7,1.0,1.0,0.25,1.0,0.25
s1_0.5,50,3,2,100,0.0,0.0,0,0.3,0.0,1.0,1.0,-0.0833310907864692,0.3638770967143662,0.1254624708216133,0.84,0.87,0.9166689092135308,0.7,0.5,1.0,0.25,1.0,0.25
s1_1.0,50,3,2,100,0.0,0.0,0,0.3,0.0,1.0,1.0,-0.0459122821671464,0.1915421631801277,0.034580462621927,0.9,1.0,0.9540877178328536,0.7,1.0,1.0,0.25,1.0,0.25
s1_2.0,50,3,2,100,0.0,0.0,0,0.3,0.0,1.0,1.0,-0.0278045197834346,0.0973377601526377,0.008701548231145,0.86,1.0,0.9721954802165652,0.7,2.0,1.0,0.25,1.0,0.25
0_基准,50,3,3,100,0.0,0.0,0,0.3,0.0,1.0,1.0,-0.0108021036995529,0.1790447478638535,0.0319403362932949,0.83,1.0,0.9891978963004472,0.7,1.0,1.0,0.25,1.0,0.25
inter_0.25,50,3,3,100,0.0,0.25,0,0.3,0.0,1.0,1.0,-0.0127562362922829,0.1798390815380615,0.0321793736841089,0.83,1.0,0.987243763707717,0.7,1.0,1.0,0.25,1.0,0.25
inter_0.5,50,3,3,100,0.0,0.5,0,0.3,0.0,1.0,1.0,-0.0140145256775459,0.1782747447125199,0.0315854776723475,0.83,1.0,0.985985474322454,0.7,1.0,1.0,0.25,1.0,0.25
inter_1.0,50,3,3,100,0.0,1.0,0,0.3,0.0,1.0,1.0,-0.0139706363560214,0.1782070084703111,0.0315625591877453,0.83,1.0,0.9860293636439784,0.7,1.0,1.0,0.25,1.0,0.25
hete_0.15,50,3,3,100,0.0,0.0,0,0.3,0.15,1.0,1.0,-0.0164816768645502,0.1775670593185185,0.0312584148827588,0.83,1.0,0.9835183231354496,0.7,1.0,1.0,0.25,1.0,0.25
hete_0.3,50,3,3,100,0.0,0.0,0,0.3,0.3,1.0,1.0,-0.0173611654037774,0.1775072782499802,0.0312074237675385,0.83,1.0,0.9826388345962226,0.7,1.0,1.0,0.25,1.0,0.25
hete_0.5,50,3,3,100,0.0,0.0,0,0.3,0.5,1.0,1.0,-0.0178379995887648,0.1782489810364702,0.0314545050112111,0.83,1.0,0.9821620004112352,0.7,1.0,1.0,0.25,1.0,0.25
noise_0.5,50,3,3,100,0.0,0.0,0,0.3,0.0,1.0,0.5,-0.0179149639764389,0.1782738938395964,0.0314606352904545,0.83,1.0,0.982085036023561,0.7,1.0,1.0,0.25,1.0,0.25
noise_1.0,50,3,3,100,0.0,0.0,0,0.3,0.0,1.0,1.0,-0.01526958538158,0.1786165182405662,0.0316707003506571,0.83,1.0,0.98473041461842,0.7,1.0,1.0,0.25,1.0,0.25
noise_2.0,50,3,3,100,0.0,0.0,0,0.3,0.0,1.0,2.0,-0.0193545488636732,0.1812501215246285,0.0324770079909763,0.82,1.0,0.9806454511363268,0.7,1.0,1.0,0.25,1.0,0.25
rho_0.3,50,3,3,100,0.0,0.0,0,0.3,0.0,1.0,1.0,-0.0242199808746315,0.1806002316761855,0.0320298362079243,0.82,1.0,0.9757800191253684,0.3,1.0,1.0,0.25,1.0,0.25
rho_0.5,50,3,3,100,0.0,0.0,0,0.3,0.0,1.0,1.0,-0.0237275412638854,0.1803219173482468,0.0319529976617185,0.82,1.0,0.9762724587361146,0.5,1.0,1.0,0.25,1.0,0.25
rho_0.7,50,3,3,100,0.0,0.0,0,0.3,0.0,1.0,1.0,-0.024812618178946,0.1805868403628053,0.0319959408913272,0.82,1.0,0.975187381821054,0.7,1.0,1.0,0.25,1.0,0.25
s1_0.5,50,3,3,100,0.0,0.0,0,0.3,0.0,1.0,1.0,-0.0220154580354682,0.1797274376464968,0.0318172714504639,0.83,1.0,0.9779845419645318,0.7,0.5,1.0,0.25,1.0,0.25
s1_1.0,50,3,3,100,0.0,0.0,0,0.3,0.0,1.0,1.0,-0.023533250912334,0.1797475790650271,0.0317553782812353,0.83,1.0,0.976466749087666,0.7,1.0,1.0,0.25,1.0,0.25
s1_2.0,50,3,3,100,0.0,0.0,0,0.3,0.0,1.0,1.0,-0.0219009353844086,0.1788564991784508,0.0315099963276591,0.83,1.0,0.9780990646155914,0.7,2.0,1.0,0.25,1.0,0.25
0_基准,50,5,2,100,0.0,0.0,0,0.3,0.0,1.0,1.0,0.010295154746563,0.1726968973757567,0.0297182281519569,0.86,1.0,1.010295154746563,0.7,1.0,1.0,0.25,1.0,0.25
inter_0.25,50,5,2,100,0.0,0.25,0,0.3,0.0,1.0,1.0,-0.0021782972175407,0.188312607084598,0.0354568930082302,0.88,1.0,0.9978217027824592,0.7,1.0,1.0,0.25,1.0,0.25
inter_0.5,50,5,2,100,0.0,0.5,0,0.3,0.0,1.0,1.0,-0.0239910568200393,0.2313447277768576,0.052944812262806,0.89,0.97,0.9760089431799608,0.7,1.0,1.0,0.25,1.0,0.25
inter_1.0,50,5,2,100,0.0,1.0,0,0.3,0.0,1.0,1.0,-0.0523474730983621,0.3618753060675416,0.1282134792016931,0.95,0.81,0.9476525269016378,0.7,1.0,1.0,0.25,1.0,0.25
hete_0.15,50,5,2,100,0.0,0.0,0,0.3,0.15,1.0,1.0,-0.001819334359741,0.1847018226420348,0.0341114533097771,0.88,1.0,0.998180665640259,0.7,1.0,1.0,0.25,1.0,0.25
hete_0.3,50,5,2,100,0.0,0.0,0,0.3,0.3,1.0,1.0,-0.0062973647655084,0.1984924584761025,0.0393595992688974,0.88,1.0,0.9937026352344916,0.7,1.0,1.0,0.25,1.0,0.25
hete_0.5,50,5,2,100,0.0,0.0,0,0.3,0.5,1.0,1.0,-0.0194972183349547,0.2326103588712766,0.0537274375314232,0.9,0.97,0.9805027816650452,0.7,1.0,1.0,0.25,1.0,0.25
noise_0.5,50,5,2,100,0.0,0.0,0,0.3,0.0,1.0,0.5,0.0116644889474348,0.096853741237641,0.009244586889323,0.85,1.0,1.0116644889474349,0.7,1.0,1.0,0.25,1.0,0.25
noise_1.0,50,5,2,100,0.0,0.0,0,0.3,0.0,1.0,1.0,0.0058482535013102,0.1777539536520802,0.0315622659699302,0.86,1.0,1.0058482535013102,0.7,1.0,1.0,0.25,1.0,0.25
noise_2.0,50,5,2,100,0.0,0.0,0,0.3,0.0,1.0,2.0,0.0089201769869786,0.3367018779337667,0.1132885850466461,0.87,0.87,1.008920176986979,0.7,1.0,1.0,0.25,1.0,0.25
rho_0.3,50,5,2,100,0.0,0.0,0,0.3,0.0,1.0,1.0,0.0092448675405227,0.1737689946446819,0.0301101959239817,0.87,1.0,1.0092448675405228,0.3,1.0,1.0,0.25,1.0,0.25
rho_0.5,50,5,2,100,0.0,0.0,0,0.3,0.0,1.0,1.0,0.0092430421277969,0.1735640629535401,0.0300390501211642,0.84,1.0,1.009243042127797,0.5,1.0,1.0,0.25,1.0,0.25
rho_0.7,50,5,2,100,0.0,0.0,0,0.3,0.0,1.0,1.0,0.0070796212496975,0.176346722034121,0.0310480453351403,0.87,1.0,1.0070796212496975,0.7,1.0,1.0,0.25,1.0,0.25
s1_0.5,50,5,2,100,0.0,0.0,0,0.3,0.0,1.0,1.0,0.0365828288233063,0.3141615765062836,0.0973591927881982,0.86,0.95,1.0365828288233063,0.7,0.5,1.0,0.25,1.0,0.25
s1_1.0,50,5,2,100,0.0,0.0,0,0.3,0.0,1.0,1.0,0.0074931081041504,0.1757214469329428,0.0308218802431465,0.87,1.0,1.0074931081041505,0.7,1.0,1.0,0.25,1.0,0.25
s1_2.0,50,5,2,100,0.0,0.0,0,0.3,0.0,1.0,1.0,0.0043450525986714,0.0910475788444132,0.0082707821313444,0.85,1.0,1.0043450525986717,0.7,2.0,1.0,0.25,1.0,0.25
0_基准,50,5,3,100,0.0,0.0,0,0.3,0.0,1.0,1.0,-0.0305792655236954,0.1897801386875756,0.0350814095603067,0.81,1.0,0.9694207344763044,0.7,1.0,1.0,0.25,1.0,0.25
inter_0.25,50,5,3,100,0.0,0.25,0,0.3,0.0,1.0,1.0,-0.0295361321762063,0.1897632005680966,0.0351376891859173,0.81,1.0,0.9704638678237936,0.7,1.0,1.0,0.25,1.0,0.25
inter_0.5,50,5,3,100,0.0,0.5,0,0.3,0.0,1.0,1.0,-0.0261535444192532,0.1870735411204742,0.0343125019016639,0.82,1.0,0.9738464555807468,0.7,1.0,1.0,0.25,1.0,0.25
inter_1.0,50,5,3,100,0.0,1.0,0,0.3,0.0,1.0,1.0,-0.0222330221465106,0.1825978922977293,0.0328476829978059,0.83,1.0,0.9777669778534892,0.7,1.0,1.0,0.25,1.0,0.25
hete_0.15,50,5,3,100,0.0,0.0,0,0.3,0.15,1.0,1.0,-0.0269949128346566,0.1846000291541837,0.0333484454447748,0.82,1.0,0.9730050871653434,0.7,1.0,1.0,0.25,1.0,0.25
hete_0.3,50,5,3,100,0.0,0.0,0,0.3,0.3,1.0,1.0,-0.0262091250917408,0.1853257208633496,0.0336587045754456,0.82,1.0,0.9737908749082592,0.7,1.0,1.0,0.25,1.0,0.25
hete_0.5,50,5,3,100,0.0,0.0,0,0.3,0.5,1.0,1.0,-0.025847924603688,0.1853674899295346,0.0336929911164581,0.82,1.0,0.974152075396312,0.7,1.0,1.0,0.25,1.0,0.25
noise_0.5,50,5,3,100,0.0,0.0,0,0.3,0.0,1.0,0.5,-0.0269217991236087,0.1861393547102014,0.0339230761038782,0.82,1.0,0.9730782008763912,0.7,1.0,1.0,0.25,1.0,0.25
noise_1.0,50,5,3,100,0.0,0.0,0,0.3,0.0,1.0,1.0,-0.0252585798938749,0.1841156691168927,0.0332605837561058,0.83,1.0,0.9747414201061252,0.7,1.0,1.0,0.25,1.0,0.25
noise_2.0,50,5,3,100,0.0,0.0,0,0.3,0.0,1.0,2.0,-0.0242947197321299,0.1840335457766125,0.0332781125642497,0.83,1.0,0.97570528026787,0.7,1.0,1.0,0.25,1.0,0.25
rho_0.3,50,5,3,100,0.0,0.0,0,0.3,0.0,1.0,1.0,-0.0238753436571345,0.1840693784236831,0.0333115040385348,0.83,1.0,0.9761246563428656,0.3,1.0,1.0,0.25,1.0,0.25
rho_0.5,50,5,3,100,0.0,0.0,0,0.3,0.0,1.0,1.0,-0.0213373183560255,0.1857126845035731,0.0340339200308972,0.83,1.0,0.9786626816439744,0.5,1.0,1.0,0.25,1.0,0.25
rho_0.7,50,5,3,100,0.0,0.0,0,0.3,0.0,1.0,1.0,-0.0176171797876389,0.1855159238486367,0.0341057929777431,0.83,1.0,0.982382820212361,0.7,1.0,1.0,0.25,1.0,0.25
s1_0.5,50,5,3,100,0.0,0.0,0,0.3,0.0,1.0,1.0,-0.0201922589042488,0.1847088439617861,0.0337096297180432,0.83,1.0,0.9798077410957512,0.7,0.5,1.0,0.25,1.0,0.25
s1_1.0,50,5,3,100,0.0,0.0,0,0.3,0.0,1.0,1.0,-0.0258344567022581,0.1750226094180695,0.0299654946544092,0.84,1.0,0.974165543297742,0.7,1.0,1.0,0.25,1.0,0.25
s1_2.0,50,5,3,100,0.0,0.0,0,0.3,0.0,1.0,1.0,-0.0202374370996735,0.1742355580338447,0.029948475823002,0.85,1.0,0.9797625629003264,0.7,2.0,1.0,0.25,1.0,0.25
0_基准,800,3,2,100,0.0,0.0,0,0.3,0.0,1.0,1.0,-0.0239151112258477,0.0457943992310931,0.001525194455992,0.87,1.0,0.9760848887741522,0.7,1.0,1.0,0.25,1.0,0.25
inter_0.25,800,3,2,100,0.0,0.25,0,0.3,0.0,1.0,1.0,-0.024124292200075,0.0477519690770774,0.0016982690765835,0.89,1.0,0.9758757077999248,0.7,1.0,1.0,0.25,1.0,0.25
inter_0.5,800,3,2,100,0.0,0.5,0,0.3,0.0,1.0,1.0,-0.0208739873840591,0.0540741655871337,0.0024882920346349,0.92,1.0,0.9791260126159408,0.7,1.0,1.0,0.25,1.0,0.25
inter_1.0,800,3,2,100,0.0,1.0,0,0.3,0.0,1.0,1.0,-0.0131425456499597,0.0771440686199885,0.0057784808170842,0.94,1.0,0.9868574543500402,0.7,1.0,1.0,0.25,1.0,0.25
hete_0.15,800,3,2,100,0.0,0.0,0,0.3,0.15,1.0,1.0,-0.0240159511242202,0.0465873694635361,0.001593617085131,0.85,1.0,0.9759840488757796,0.7,1.0,1.0,0.25,1.0,0.25
hete_0.3,800,3,2,100,0.0,0.0,0,0.3,0.3,1.0,1.0,-0.0228273963263435,0.0480728789402644,0.0017899116665653,0.9,1.0,0.9771726036736564,0.7,1.0,1.0,0.25,1.0,0.25
hete_0.5,800,3,2,100,0.0,0.0,0,0.3,0.5,1.0,1.0,-0.0190470176306182,0.0527944170964419,0.002424461595932,0.92,1.0,0.9809529823693818,0.7,1.0,1.0,0.25,1.0,0.25
noise_0.5,800,3,2,100,0.0,0.0,0,0.3,0.0,1.0,0.5,-0.0132665743884349,0.0235750205540988,0.0003797795981223,0.88,1.0,0.9867334256115652,0.7,1.0,1.0,0.25,1.0,0.25
noise_1.0,800,3,2,100,0.0,0.0,0,0.3,0.0,1.0,1.0,-0.023471949294723,0.0444201714849393,0.0014222192310573,0.87,1.0,0.9765280507052768,0.7,1.0,1.0,0.25,1.0,0.25
noise_2.0,800,3,2,100,0.0,0.0,0,0.3,0.0,1.0,2.0,-0.0369607347418032,0.0826278431725387,0.0054612645546917,0.88,1.0,0.9630392652581968,0.7,1.0,1.0,0.25,1.0,0.25
rho_0.3,800,3,2,100,0.0,0.0,0,0.3,0.0,1.0,1.0,-0.0241371991564672,0.043414239911359,0.001302191843962,0.86,1.0,0.9758628008435328,0.3,1.0,1.0,0.25,1.0,0.25
rho_0.5,800,3,2,100,0.0,0.0,0,0.3,0.0,1.0,1.0,-0.0224927860799365,0.0442951381684449,0.0014561338397238,0.86,1.0,0.9775072139200636,0.5,1.0,1.0,0.25,1.0,0.25
rho_0.7,800,3,2,100,0.0,0.0,0,0.3,0.0,1.0,1.0,-0.024619707375143,0.0446950263227277,0.0013915153867516,0.86,1.0,0.9753802926248568,0.7,1.0,1.0,0.25,1.0,0.25
s1_0.5,800,3,2,100,0.0,0.0,0,0.3,0.0,1.0,1.0,-0.0437837125002201,0.0825107753153794,0.0048910145628431,0.9,1.0,0.9562162874997798,0.7,0.5,1.0,0.25,1.0,0.25
s1_1.0,800,3,2,100,0.0,0.0,0,0.3,0.0,1.0,1.0,-0.0252191610037259,0.0447555888305344,0.001367056649836,0.86,1.0,0.974780838996274,0.7,1.0,1.0,0.25,1.0,0.25
s1_2.0,800,3,2,100,0.0,0.0,0,0.3,0.0,1.0,1.0,-0.0132117600615265,0.0234310211527891,0.000374462148339,0.86,1.0,0.9867882399384734,0.7,2.0,1.0,0.25,1.0,0.25
0_基准,800,3,3,100,0.0,0.0,0,0.3,0.0,1.0,1.0,-0.024191154675013,0.049620232425632,0.0018769555014633,0.81,1.0,0.9758088453249868,0.7,1.0,1.0,0.25,1.0,0.25
inter_0.25,800,3,3,100,0.0,0.25,0,0.3,0.0,1.0,1.0,-0.0235888197373509,0.0495346038568845,0.0018972445626572,0.81,1.0,0.9764111802626492,0.7,1.0,1.0,0.25,1.0,0.25
inter_0.5,800,3,3,100,0.0,0.5,0,0.3,0.0,1.0,1.0,-0.0230640906235813,0.0492118988285753,0.0018898587100211,0.81,1.0,0.9769359093764186,0.7,1.0,1.0,0.25,1.0,0.25
inter_1.0,800,3,3,100,0.0,1.0,0,0.3,0.0,1.0,1.0,-0.0224223989086227,0.0487718517394149,0.001875929549274,0.81,1.0,0.9775776010913771,0.7,1.0,1.0,0.25,1.0,0.25
hete_0.15,800,3,3,100,0.0,0.0,0,0.3,0.15,1.0,1.0,-0.0228786183050644,0.04871314074346,0.0018495389055433,0.81,1.0,0.9771213816949356,0.7,1.0,1.0,0.25,1.0,0.25
hete_0.3,800,3,3,100,0.0,0.0,0,0.3,0.3,1.0,1.0,-0.0226633662207745,0.0487119944462074,0.0018592302344704,0.81,1.0,0.9773366337792254,0.7,1.0,1.0,0.25,1.0,0.25
hete_0.5,800,3,3,100,0.0,0.0,0,0.3,0.5,1.0,1.0,-0.0233318428857332,0.0479645797648907,0.001756226019578,0.82,1.0,0.9766681571142668,0.7,1.0,1.0,0.25,1.0,0.25
noise_0.5,800,3,3,100,0.0,0.0,0,0.3,0.0,1.0,0.5,-0.0215808731547934,0.04739458589625,0.0017805126861537,0.82,1.0,0.9784191268452066,0.7,1.0,1.0,0.25,1.0,0.25
noise_1.0,800,3,3,100,0.0,0.0,0,0.3,0.0,1.0,1.0,-0.021330528779034,0.0474746343503015,0.0017988494487016,0.82,1.0,0.978669471220966,0.7,1.0,1.0,0.25,1.0,0.25
noise_2.0,800,3,3,100,0.0,0.0,0,0.3,0.0,1.0,2.0,-0.0214552946430132,0.0476222376076177,0.0018075478465379,0.82,1.0,0.9785447053569868,0.7,1.0,1.0,0.25,1.0,0.25
rho_0.3,800,3,3,100,0.0,0.0,0,0.3,0.0,1.0,1.0,-0.0207795025886191,0.0478342229962343,0.001856325161823,0.82,1.0,0.9792204974113808,0.3,1.0,1.0,0.25,1.0,0.25
rho_0.5,800,3,3,100,0.0,0.0,0,0.3,0.0,1.0,1.0,-0.021429265629841,0.0478937533501177,0.0018345981845276,0.82,1.0,0.978570734370159,0.5,1.0,1.0,0.25,1.0,0.25
rho_0.7,800,3,3,100,0.0,0.0,0,0.3,0.0,1.0,1.0,-0.0221860983111576,0.047474656093027,0.0017616200128788,0.82,1.0,0.9778139016888424,0.7,1.0,1.0,0.25,1.0,0.25
s1_0.5,800,3,3,100,0.0,0.0,0,0.3,0.0,1.0,1.0,-0.0219013191508399,0.0475497587902013,0.0017813117804593,0.82,1.0,0.97809868084916,0.7,0.5,1.0,0.25,1.0,0.25
s1_1.0,800,3,3,100,0.0,0.0,0,0.3,0.0,1.0,1.0,-0.0224821805154421,0.0476285983052529,0.0017630349357942,0.82,1.0,0.9775178194845578,0.7,1.0,1.0,0.25,1.0,0.25
s1_2.0,800,3,3,100,0.0,0.0,0,0.3,0.0,1.0,1.0,-0.022706598998524,0.0476759824214028,0.0017574096617661,0.82,1.0,0.977293401001476,0.7,2.0,1.0,0.25,1.0,0.25
0_基准,800,5,2,100,0.0,0.0,0,0.3,0.0,1.0,1.0,-0.0181954118690432,0.041606703315134,0.0014000447476694,0.94,1.0,0.9818045881309568,0.7,1.0,1.0,0.25,1.0,0.25
inter_0.25,800,5,2,100,0.0,0.25,0,0.3,0.0,1.0,1.0,-0.01726876228584,0.0460568191752376,0.0018230204416556,0.94,1.0,0.98273123771416,0.7,1.0,1.0,0.25,1.0,0.25
inter_0.5,800,5,2,100,0.0,0.5,0,0.3,0.0,1.0,1.0,-0.0147295191087883,0.0570878242035834,0.003042060939123,0.92,1.0,0.9852704808912116,0.7,1.0,1.0,0.25,1.0,0.25
inter_1.0,800,5,2,100,0.0,1.0,0,0.3,0.0,1.0,1.0,-0.0060944218315698,0.0902712305080747,0.0081117530799808,0.9,1.0,0.9939055781684302,0.7,1.0,1.0,0.25,1.0,0.25
hete_0.15,800,5,2,100,0.0,0.0,0,0.3,0.15,1.0,1.0,-0.0186764870006455,0.0434328161003544,0.0015375983477219,0.94,1.0,0.9813235129993544,0.7,1.0,1.0,0.25,1.0,0.25
hete_0.3,800,5,2,100,0.0,0.0,0,0.3,0.3,1.0,1.0,-0.0193030603460424,0.0486515255986791,0.0019943628043559,0.92,1.0,0.9806969396539575,0.7,1.0,1.0,0.25,1.0,0.25
hete_0.5,800,5,2,100,0.0,0.0,0,0.3,0.5,1.0,1.0,-0.0167872437232098,0.0578011648130544,0.0030591631019234,0.92,1.0,0.9832127562767902,0.7,1.0,1.0,0.25,1.0,0.25
noise_0.5,800,5,2,100,0.0,0.0,0,0.3,0.0,1.0,0.5,-0.0118379961144772,0.0222299452010103,0.0003540323116335,0.93,1.0,0.9881620038855228,0.7,1.0,1.0,0.25,1.0,0.25
noise_1.0,800,5,2,100,0.0,0.0,0,0.3,0.0,1.0,1.0,-0.0205927977059927,0.0423841695219444,0.0013723545087049,0.94,1.0,0.9794072022940072,0.7,1.0,1.0,0.25,1.0,0.25
noise_2.0,800,5,2,100,0.0,0.0,0,0.3,0.0,1.0,2.0,-0.0305412879050425,0.0776402757719488,0.0050952421550455,0.94,1.0,0.9694587120949576,0.7,1.0,1.0,0.25,1.0,0.25
rho_0.3,800,5,2,100,0.0,0.0,0,0.3,0.0,1.0,1.0,-0.0202110880433908,0.0421114699014577,0.0013648878173636,0.93,1.0,0.9797889119566092,0.3,1.0,1.0,0.25,1.0,0.25
rho_0.5,800,5,2,100,0.0,0.0,0,0.3,0.0,1.0,1.0,-0.0221310985440704,0.0433454628614042,0.001389043627902,0.92,1.0,0.9778689014559296,0.5,1.0,1.0,0.25,1.0,0.25
rho_0.7,800,5,2,100,0.0,0.0,0,0.3,0.0,1.0,1.0,-0.0211572597597238,0.0425895440381781,0.0013662396208394,0.94,1.0,0.9788427402402762,0.7,1.0,1.0,0.25,1.0,0.25
s1_0.5,800,5,2,100,0.0,0.0,0,0.3,0.0,1.0,1.0,-0.0361041728999977,0.0793858023557705,0.0049985943148765,0.93,1.0,0.9638958271000022,0.7,0.5,1.0,0.25,1.0,0.25
s1_1.0,800,5,2,100,0.0,0.0,0,0.3,0.0,1.0,1.0,-0.0213531325637827,0.0425292011792928,0.0013527766826622,0.94,1.0,0.9786468674362172,0.7,1.0,1.0,0.25,1.0,0.25
s1_2.0,800,5,2,100,0.0,0.0,0,0.3,0.0,1.0,1.0,-0.0119738532429855,0.0212539880469877,0.0003083588464169,0.95,1.0,0.9880261467570144,0.7,2.0,1.0,0.25,1.0,0.25
0_基准,800,5,3,100,0.0,0.0,0,0.3,0.0,1.0,1.0,-0.0148765266756777,0.0403083437701786,0.0014034515315627,0.93,1.0,0.9851234733243224,0.7,1.0,1.0,0.25,1.0,0.25
inter_0.25,800,5,3,100,0.0,0.25,0,0.3,0.0,1.0,1.0,-0.0147916096416166,0.0402671142328585,0.0014026487728521,0.93,1.0,0.9852083903583834,0.7,1.0,1.0,0.25,1.0,0.25
inter_0.5,800,5,3,100,0.0,0.5,0,0.3,0.0,1.0,1.0,-0.0147774108376792,0.0402555601001604,0.001402138247912,0.93,1.0,0.9852225891623207,0.7,1.0,1.0,0.25,1.0,0.25
inter_1.0,800,5,3,100,0.0,1.0,0,0.3,0.0,1.0,1.0,-0.0149689750299386,0.0400836682771317,0.0013826302491042,0.93,1.0,0.9850310249700612,0.7,1.0,1.0,0.25,1.0,0.25
hete_0.15,800,5,3,100,0.0,0.0,0,0.3,0.15,1.0,1.0,-0.0148590283114602,0.0400458873367481,0.0013828823702267,0.93,1.0,0.9851409716885398,0.7,1.0,1.0,0.25,1.0,0.25
hete_0.3,800,5,3,100,0.0,0.0,0,0.3,0.3,1.0,1.0,-0.0151702586906573,0.0400049243340484,0.0013702572222314,0.93,1.0,0.9848297413093426,0.7,1.0,1.0,0.25,1.0,0.25
hete_0.5,800,5,3,100,0.0,0.0,0,0.3,0.5,1.0,1.0,-0.0148081305073337,0.0397780122518047,0.0013630095295825,0.93,1.0,0.9851918694926662,0.7,1.0,1.0,0.25,1.0,0.25
noise_0.5,800,5,3,100,0.0,0.0,0,0.3,0.0,1.0,0.5,-0.0153014288915521,0.0396886839885227,0.0013410579106175,0.93,1.0,0.9846985711084478,0.7,1.0,1.0,0.25,1.0,0.25
noise_1.0,800,5,3,100,0.0,0.0,0,0.3,0.0,1.0,1.0,-0.0153024526540409,0.0396890760150353,0.001341057697698,0.93,1.0,0.984697547345959,0.7,1.0,1.0,0.25,1.0,0.25
noise_2.0,800,5,3,100,0.0,0.0,0,0.3,0.0,1.0,2.0,-0.0154083495527234,0.0397949054106126,0.0013462172607006,0.93,1.0,0.9845916504472766,0.7,1.0,1.0,0.25,1.0,0.25
rho_0.3,800,5,3,100,0.0,0.0,0,0.3,0.0,1.0,1.0,-0.014847749696122,0.0402802333219011,0.0014020415254281,0.93,1.0,0.985152250303878,0.3,1.0,1.0,0.25,1.0,0.25
rho_0.5,800,5,3,100,0.0,0.0,0,0.3,0.0,1.0,1.0,-0.0150353514447268,0.0404553765974656,0.0014105757025763,0.93,1.0,0.9849646485552732,0.5,1.0,1.0,0.25,1.0,0.25
rho_0.7,800,5,3,100,0.0,0.0,0,0.3,0.0,1.0,1.0,-0.0151557465743492,0.040542889509624,0.0014140292355636,0.93,1.0,0.9848442534256509,0.7,1.0,1.0,0.25,1.0,0.25
s1_0.5,800,5,3,100,0.0,0.0,0,0.3,0.0,1.0,1.0,-0.0155466447373503,0.0405990382484944,0.0014065837441133,0.93,1.0,0.9844533552626497,0.7,0.5,1.0,0.25,1.0,0.25
s1_1.0,800,5,3,100,0.0,0.0,0,0.3,0.0,1.0,1.0,-0.0157503316975315,0.0408801336958494,0.0014231123824082,0.93,1.0,0.9842496683024684,0.7,1.0,1.0,0.25,1.0,0.25
s1_2.0,800,5,3,100,0.0,0.0,0,0.3,0.0,1.0,1.0,-0.0160952953620931,0.0411060392149259,0.001430647927146,0.93,1.0,0.9839047046379068,0.7,2.0,1.0,0.25,1.0,0.25
